Workbook

Sheet Summary
B2: [QA] 결과 보고서 | F2: QA 서버 | G2: TD | H2: 최종결과 | I2: 진행중 | L2: * 최종마무리 시 업데이트하여 관리
B4: [QA 정보]
B5: 구분 | D5: 내용
B6: 요청서 | D6: 경기관제 리뉴얼 (골프장 어드민)
B7: 기획서 | D7: 경기관제(클럽어드민) 개선
B8: 계획서 | D8: [QA계획] 경기관제 리뉴얼 (골프장 어드민)
B9: 종료보고서 | D9: [QA결과] 경기관제 리뉴얼 (골프장 어드민)
B10: 수행 일정
B11: 특이사항
B13: [테스트 수행 수] | H13: defect Link 바로가기
B14: 테스트 일자 | C14: 12 | D14: 진행일 | E14: 4 | F14: 예상진척률 | G14: =(($C$31/$C$14)*$E$14)/$C$31 -> 0.33333333 | H14: Fail Rate | I14: =IFERROR(((G45+I45)/D45),0) -> 0
B15: 테스트 환경 | D15: TD # | F15: 진행률 | G15: =($D31-$H31)/($C31-$H31) -> 0.54656489 | H15: PASS Rate | I15: =IFERROR(F31/(C31-H31-E31),0) -> 0.96368715
B16: 구분 | C16: 테스트 전체 수 | D16: 테스트 수행 수 | E16: 잔여 수행 수 | F16: 수행결과
F17: PASS | G17: FAIL | H17: N/A | I17: N/T
B18: Home | C18: =COUNT(INDIRECT("'" & B18 & "'!$A$3:$A")) -> 12 | D18: =sum(F18:H18) -> 12 | E18: =C18-D18 -> 0 | F18: =COUNTIF(INDIRECT("'" & $B18 & "'!$K:$K"), F$17) -> 11 | G18: =COUNTIF(INDIRECT("'" & $B18 & "'!$K:$K"), G$17) -> 1 | H18: =COUNTIF(INDIRECT("'" & $B18 & "'!$K:$K"), H$17) -> 0 | I18: =COUNTIF(INDIRECT("'" & $B18 & "'!$K:$K"), I$17) -> 0
B19: 라운드 관리 | C19: =COUNT(INDIRECT("'" & B19 & "'!$A$3:$A")) -> 304 | D19: =sum(F19:H19) -> 132 | E19: =C19-D19 -> 172 | F19: =COUNTIF(INDIRECT("'" & $B19 & "'!$K:$K"), F$17) -> 115 | G19: =COUNTIF(INDIRECT("'" & $B19 & "'!$K:$K"), G$17) -> 16 | H19: =COUNTIF(INDIRECT("'" & $B19 & "'!$K:$K"), H$17) -> 1 | I19: =COUNTIF(INDIRECT("'" & $B19 & "'!$K:$K"), I$17) -> 12
B20: 관제 관리 | C20: =COUNT(INDIRECT("'" & B20 & "'!$A$3:$A")) -> 58 | D20: =sum(F20:H20) -> 49 | E20: =C20-D20 -> 9 | F20: =COUNTIF(INDIRECT("'" & $B20 & "'!$K:$K"), F$17) -> 41 | G20: =COUNTIF(INDIRECT("'" & $B20 & "'!$K:$K"), G$17) -> 1 | H20: =COUNTIF(INDIRECT("'" & $B20 & "'!$K:$K"), H$17) -> 7 | I20: =COUNTIF(INDIRECT("'" & $B20 & "'!$K:$K"), I$17) -> 0
B21: 태블릿 운영 관리 | C21: =COUNT(INDIRECT("'" & B21 & "'!$A$3:$A")) -> 285 | D21: =sum(F21:H21) -> 285 | E21: =C21-D21 -> 0 | F21: =COUNTIF(INDIRECT("'" & $B21 & "'!$K:$K"), F$17) -> 260 | G21: =COUNTIF(INDIRECT("'" & $B21 & "'!$K:$K"), G$17) -> 9 | H21: =COUNTIF(INDIRECT("'" & $B21 & "'!$K:$K"), H$17) -> 16 | I21: =COUNTIF(INDIRECT("'" & $B21 & "'!$K:$K"), I$17) -> 0
B22: 홀맵 관리 | C22: =COUNT(INDIRECT("'" & B22 & "'!$A$3:$A")) -> 183 | D22: =sum(F22:H22) -> 183 | E22: =C22-D22 -> 0 | F22: =COUNTIF(INDIRECT("'" & $B22 & "'!$K:$K"), F$17) -> 181 | G22: =COUNTIF(INDIRECT("'" & $B22 & "'!$K:$K"), G$17) -> 2 | H22: =COUNTIF(INDIRECT("'" & $B22 & "'!$K:$K"), H$17) -> 0 | I22: =COUNTIF(INDIRECT("'" & $B22 & "'!$K:$K"), I$17) -> 0
B23: 코스 운영 관리 | C23: =COUNT(INDIRECT("'" & B23 & "'!$A$3:$A")) -> 169 | D23: =sum(F23:H23) -> 72 | E23: =C23-D23 -> 97 | F23: =COUNTIF(INDIRECT("'" & $B23 & "'!$K:$K"), F$17) -> 70 | G23: =COUNTIF(INDIRECT("'" & $B23 & "'!$K:$K"), G$17) -> 2 | H23: =COUNTIF(INDIRECT("'" & $B23 & "'!$K:$K"), H$17) -> 0 | I23: =COUNTIF(INDIRECT("'" & $B23 & "'!$K:$K"), I$17) -> 1
B24: 경기 진행 관리 | C24: =COUNT(INDIRECT("'" & B24 & "'!$A$3:$A")) -> 178 | D24: =sum(F24:H24) -> 0 | E24: =C24-D24 -> 178 | F24: =COUNTIF(INDIRECT("'" & $B24 & "'!$K:$K"), F$17) -> 0 | G24: =COUNTIF(INDIRECT("'" & $B24 & "'!$K:$K"), G$17) -> 0 | H24: =COUNTIF(INDIRECT("'" & $B24 & "'!$K:$K"), H$17) -> 0 | I24: =COUNTIF(INDIRECT("'" & $B24 & "'!$K:$K"), I$17) -> 0
B25: 캐디 관리 | C25: =COUNT(INDIRECT("'" & B25 & "'!$A$3:$A")) -> 89 | D25: =sum(F25:H25) -> 85 | E25: =C25-D25 -> 4 | F25: =COUNTIF(INDIRECT("'" & $B25 & "'!$K:$K"), F$17) -> 83 | G25: =COUNTIF(INDIRECT("'" & $B25 & "'!$K:$K"), G$17) -> 1 | H25: =COUNTIF(INDIRECT("'" & $B25 & "'!$K:$K"), H$17) -> 1 | I25: =COUNTIF(INDIRECT("'" & $B25 & "'!$K:$K"), I$17) -> 0
B26: 캐디피 관리 | C26: =COUNT(INDIRECT("'" & B26 & "'!$A$3:$A")) -> 246 | D26: =sum(F26:H26) -> 11 | E26: =C26-D26 -> 235 | F26: =COUNTIF(INDIRECT("'" & $B26 & "'!$K:$K"), F$17) -> 10 | G26: =COUNTIF(INDIRECT("'" & $B26 & "'!$K:$K"), G$17) -> 1 | H26: =COUNTIF(INDIRECT("'" & $B26 & "'!$K:$K"), H$17) -> 0 | I26: =COUNTIF(INDIRECT("'" & $B26 & "'!$K:$K"), I$17) -> 0
B27: 배토 관리 | C27: =COUNT(INDIRECT("'" & B27 & "'!$A$3:$A")) -> 57 | D27: =sum(F27:H27) -> 20 | E27: =C27-D27 -> 37 | F27: =COUNTIF(INDIRECT("'" & $B27 & "'!$K:$K"), F$17) -> 20 | G27: =COUNTIF(INDIRECT("'" & $B27 & "'!$K:$K"), G$17) -> 0 | H27: =COUNTIF(INDIRECT("'" & $B27 & "'!$K:$K"), H$17) -> 0 | I27: =COUNTIF(INDIRECT("'" & $B27 & "'!$K:$K"), I$17) -> 0
B28: 식음 관리 | C28: =COUNT(INDIRECT("'" & B28 & "'!$A$3:$A")) -> 230 | D28: =sum(F28:H28) -> 71 | E28: =C28-D28 -> 159 | F28: =COUNTIF(INDIRECT("'" & $B28 & "'!$K:$K"), F$17) -> 67 | G28: =COUNTIF(INDIRECT("'" & $B28 & "'!$K:$K"), G$17) -> 3 | H28: =COUNTIF(INDIRECT("'" & $B28 & "'!$K:$K"), H$17) -> 1 | I28: =COUNTIF(INDIRECT("'" & $B28 & "'!$K:$K"), I$17) -> 1
B29: 고객 평가 관리 | C29: =COUNT(INDIRECT("'" & B29 & "'!$A$3:$A")) -> 114 | D29: =sum(F29:H29) -> 114 | E29: =C29-D29 -> 0 | F29: =COUNTIF(INDIRECT("'" & $B29 & "'!$K:$K"), F$17) -> 112 | G29: =COUNTIF(INDIRECT("'" & $B29 & "'!$K:$K"), G$17) -> 2 | H29: =COUNTIF(INDIRECT("'" & $B29 & "'!$K:$K"), H$17) -> 0 | I29: =COUNTIF(INDIRECT("'" & $B29 & "'!$K:$K"), I$17) -> 0
B30: 계정 관리 | C30: =COUNT(INDIRECT("'" & B30 & "'!$A$3:$A")) -> 66 | D30: =sum(F30:H30) -> 66 | E30: =C30-D30 -> 0 | F30: =COUNTIF(INDIRECT("'" & $B30 & "'!$K:$K"), F$17) -> 65 | G30: =COUNTIF(INDIRECT("'" & $B30 & "'!$K:$K"), G$17) -> 1 | H30: =COUNTIF(INDIRECT("'" & $B30 & "'!$K:$K"), H$17) -> 0 | I30: =COUNTIF(INDIRECT("'" & $B30 & "'!$K:$K"), I$17) -> 0
B31: Total | C31: =sum(C18:C30) -> 1991 | D31: =sum(D18:D30) -> 1100 | E31: =C31-D31 -> 891 | F31: =sum(F18:F30) -> 1035 | G31: =sum(G18:G30) -> 39 | H31: =sum(H18:H30) -> 26 | I31: =sum(I18:I30) -> 14
B34: [이슈 처리 현황]
B35: 이슈 발생율 | C35: 이슈 처리율 | D35: Total 발생 버그
D36: Total | E36: 즉시 | F36: 긴급 | G36: 높음 | H36: 보통 | I36: 낮음
C37: =IFERROR(D39/D37,0) -> 0.69318182 | D37: =sum(E37:I37) -> 88 | E37: =E39+E38 -> 0 | F37: =F39+F38 -> 0 | G37: =G39+G38 -> 13 | H37: =H39+H38 -> 68 | I37: =I39+I38 -> 7
B38: 잔여 이슈 | D38: =sum(E38:I38) -> 27 | E38: =countifs('이슈리스트'!$C$2:$C991,E$36,'이슈리스트'!$J$2:$J991,"해야 할 일")+countifs('이슈리스트'!$C$2:$C991,E$36,'이슈리스트'!$J$2:$J991,"진행 중") -> 0 | F38: =countifs('이슈리스트'!$C$2:$C991,F$36,'이슈리스트'!$J$2:$J991,"해야 할 일")+countifs('이슈리스트'!$C$2:$C991,F$36,'이슈리스트'!$J$2:$J991,"진행 중") -> 0 | G38: =countifs('이슈리스트'!$C$2:$C991,G$36,'이슈리스트'!$J$2:$J991,"해야 할 일")+countifs('이슈리스트'!$C$2:$C991,G$36,'이슈리스트'!$J$2:$J991,"진행 중") -> 3 | H38: =countifs('이슈리스트'!$C$2:$C991,H$36,'이슈리스트'!$J$2:$J991,"해야 할 일")+countifs('이슈리스트'!$C$2:$C991,H$36,'이슈리스트'!$J$2:$J991,"진행 중") -> 21 | I38: =countifs('이슈리스트'!$C$2:$C991,I$36,'이슈리스트'!$J$2:$J991,"해야 할 일")+countifs('이슈리스트'!$C$2:$C991,I$36,'이슈리스트'!$J$2:$J991,"진행 중") -> 3 | K38: 할 일 | L38: 진행 중
B39: 완료 이슈 | D39: =sum(E39:I39) -> 61 | E39: =countifs('이슈리스트'!$C$2:$C991,E$36,'이슈리스트'!$J$2:$J991,$K$39) -> 0 | F39: =countifs('이슈리스트'!$C$2:$C991,F$36,'이슈리스트'!$J$2:$J991,$K$39) -> 0 | G39: =countifs('이슈리스트'!$C$2:$C991,G$36,'이슈리스트'!$J$2:$J991,$K$39) -> 10 | H39: =countifs('이슈리스트'!$C$2:$C991,H$36,'이슈리스트'!$J$2:$J991,$K$39) -> 47 | I39: =countifs('이슈리스트'!$C$2:$C991,I$36,'이슈리스트'!$J$2:$J991,$K$39) -> 4 | K39: 완료
C40: 중요도별 % | E40: =E37/$E$39 -> #DIV/0! | F40: =F37/$E$39 -> #DIV/0! | G40: =G37/$E$39 -> #DIV/0! | H40: =H37/$E$39 -> #DIV/0! | I40: =I37/$E$39 -> #DIV/0!
B46: * 필요에 따라 이력누적이 필요한경우 자유롭게 아래 영역에 추가하여 사용.

Sheet IA
A1: No. | B1: 화면 (진입점 구분) | E1: 담당자 (TC) | F1: 완료여부 (TC) | G1: 담당자 (QA) | H1: 완료여부 (QA) | I1: 비고
B2: 0 depth | C2: 1 depth | D2: 2 depth | K2: No. | L2: 기존 0depth | M2: 기존 1depth | N2: 0depth (변경) | O2: 1depth (변경) | P2: 기대결과 | Q2: 확인 결과 | S2: 대메뉴(0depth) | T2: 메뉴(1depth) | U2: 구현여부 | V2: URL | W2: 비고 | X2: 현상 | Y2: 기대 결과(문구 변경) | Z2: 분석여부 | AA2: 스크립트 작성
A3: =COUNTA($C$3:C3) -> 1 | B3: 홈 | C3: - | E3: 한지연 | F3: 완료 | G3: 한지연 | K3: 1 | L3: HOME | M3: - | N3: 홈 | O3: - | P3: ✎ 변경 메뉴명 변경: HOME → 홈 | S3: 홈 | U3: 구현 | V3: https://td17.smartscore.kr/club/page/home | W3: 대메뉴 존재
A4: =COUNTA($C$3:C4) -> 2 | B4: 라운드관리 | C4: 내장 현황 | E4: 한지연 | F4: 완료 | G4: 한지연 | K4: 2 | L4: 라운드관리 | M4: (없음-기존 홈 화면 항목) | N4: 라운드관리 | O4: 내장 현황 | P4: ✚ 추가 신규 생성 / 기존 홈화면 항목 편입 | S4: 라운드관리 | T4: 내장 현황 | U4: 구현 | V4: https://td17.smartscore.kr/club/page/round-visit?cp=1 | W4: 진입 성공
A5: =COUNTA($C$3:C5) -> 3 | C5: 내장 통계 | E5: 한지연 | F5: 완료 | G5: 한지연 | K5: 3 | L5: 라운드관리 | M5: 내장 통계 | N5: 라운드관리 | O5: 내장 통계 | P5: ● 유지 유지 (메뉴명 동일) | S5: 라운드관리 | T5: 내장 통계 | U5: 구현 | V5: https://td17.smartscore.kr/club/page/round-visit-statistics?cp=1&searchStartDate=2026-03-03&searchEndDate=2026-06-01 | W5: 진입 성공
A6: =COUNTA($C$3:C6) -> 4 | C6: 전체 라운드 | E6: 한지연 | F6: 완료 | G6: 한지연 | K6: 4 | L6: 라운드관리 | M6: 전체 라운드 | N6: 라운드관리 | O6: 전체 라운드 | P6: ● 유지 유지 | S6: 라운드관리 | T6: 전체 라운드 | U6: 구현 | V6: https://td17.smartscore.kr/club/page/round-all | W6: 진입 성공 | X6: 전체라운드 | Y6: 전체 라운드
A7: =COUNTA($C$3:C7) -> 5 | C7: 단체 라운드 | I7: 범위제외 | K7: 5 | L7: 라운드관리 | M7: 단체 라운드 | N7: 라운드관리 | O7: 단체 라운드 | P7: ● 유지 유지 | S7: 라운드관리 | T7: 단체 라운드 | U7: 구현 | V7: https://td17.smartscore.kr/club/page/round-group | W7: 진입 성공 | X7: 단체라운드 | Y7: 단체 라운드
A8: =COUNTA($C$3:C8) -> 6 | C8: 라운드 설정 | E8: 한지연 | F8: 완료 | G8: 한지연 | K8: 6 | L8: 라운드관리 | M8: 라운드 코스관리 | N8: 라운드관리 | O8: 라운드 설정 | P8: ✎ 변경 메뉴명 변경: 라운드 코스관리 → 라운드 설정 | S8: 라운드관리 | T8: 라운드 설정 | U8: 구현 | V8: https://td17.smartscore.kr/club/page/round-course | W8: 진입 성공
A9: =COUNTA($C$3:C9) -> 7 | C9: 카트 관리 | E9: 한지연 | F9: 완료 | G9: 한지연 | K9: 7 | L9: 라이브관리 | M9: (없음) | N9: 라운드관리 | O9: 카트 관리 | P9: → 이동 기존 라이브관리 > 카트관리에서 이동 / 라운드관리로 편입 | S9: 라운드관리 | T9: 카트 관리 | U9: 구현 | V9: https://td17.smartscore.kr/club/page/cart-all | W9: 진입 성공 | X9: 카트관리 | Y9: 카트 관리
A10: =COUNTA($C$3:C10) -> 8 | C10: 홀별 정산 관리 | E10: 한지연 | F10: 진행중 | G10: 한지연 | K10: 8 | L10: 라이브관리 | M10: 홀별정산관리 | N10: 라운드관리 | O10: 홀별 정산 관리 | P10: → 이동 기존 라이브관리에서 라운드관리로 이동 | S10: 라운드관리 | T10: 홀별 정산 관리 | U10: 구현 | V10: https://td17.smartscore.kr/club/page/live-hole-calc | W10: 진입 성공 | X10: 홀별정산관리 | Y10: 홀별 정산 관리
A11: =COUNTA($C$3:C11) -> 9 | B11: 관제 관리 | C11: 관제팝업 | I11: 범위제외 | K11: 9 | L11: 관제관리 | M11: 관제팝업 | N11: 관제 관리 | O11: 관제팝업 | P11: ● 유지 유지 (0depth 띄어쓰기 추가) | S11: 관제 관리 | T11: 관제 팝업 | U11: 구현 | V11: https://td17.smartscore.kr/club/page/live-hole-calc | W11: 진입(URL 동일) | X11: 관제팝업 | Y11: 관제 팝업
A12: =COUNTA($C$3:C12) -> 10 | C12: 메시지 기록 조회 | E12: 박경선 | F12: 완료 | G12: 박경선 | K12: 10 | L12: 관제관리 | M12: 메시지 기록 조회 | N12: 관제 관리 | O12: 메시지 기록 조회 | P12: ✎ 변경 메뉴명 변경: 메시지 기록 조회 → 메시지 기기 조회 | S12: 관제 관리 | T12: 메시지 기록 조회 | U12: 미구현 | W12: SNB 메뉴 없음/명칭 불일치 | X12: PASS
A13: =COUNTA($C$3:C13) -> 11 | C13: 라이브채팅 공지 조회 | E13: 박경선 | F13: 완료 | G13: 박경선 | K13: 11 | L13: 관제관리 | M13: 라이브채팅 공지 조회 | N13: 관제 관리 | O13: 라이브채팅 공지 조회 | P13: ● 유지 유지 | S13: 관제 관리 | T13: 라이브채팅 공지 조회 | U13: 구현 | V13: https://td17.smartscore.kr/club/page/control-live-chat | W13: 진입 성공
A14: =COUNTA($C$3:C14) -> 12 | C14: 아이콘 관리 | E14: 박경선 | F14: 완료 | G14: 박경선 | K14: 12 | L14: 관제관리 | M14: 아이콘 관리 (라이브관리에도 존재) | N14: 관제 관리 | O14: 아이콘 관리 | P14: → 이동 기존 라이브관리 > 아이콘 관리와 통합·이동 | S14: 관제 관리 | T14: 아이콘 관리 | U14: 구현 | V14: https://td17.smartscore.kr/club/page/live-icon | W14: 진입 성공
A15: =COUNTA($C$3:C15) -> 13 | C15: 카트이동경로 확인 | E15: 박경선 | F15: - | G15: 박경선 | I15: 없음 | K15: 13 | L15: 관제관리 | M15: (없음) | N15: 관제 관리 | O15: 카트이동경로 확인 | P15: ✚ 추가 신규 추가 메뉴 | S15: 관제 관리 | T15: 카트이동경로 확인 | U15: 구현 | V15: https://td17.smartscore.kr/club/page/live-cart-trace | W15: 진입 성공
A16: =COUNTA($C$3:C16) -> 14 | B16: 태블릿 운영 관리 | C16: 태블릿 기능 설정 | E16: 박경선 | F16: 완료 | G16: 박경선 | K16: 14 | L16: 라이브관리 | M16: 경기진행관리 | N16: 태블릿 운영 관리 | O16: 태블릿 기능 설정 | P16: → 이동 신규 생성 대메뉴 / 기존 라이브관리 > 경기진행관리에서 이동 | S16: 태블릿 운영 관리 | T16: 태블릿 기능 설정 | U16: 구현 | V16: https://td17.smartscore.kr/club/page/live-game | W16: 진입 성공
A17: =COUNTA($C$3:C17) -> 15 | C17: 메시지 관리 | E17: 박경선 | F17: 완료 | G17: 박경선 | K17: 15 | L17: 라이브관리 | M17: 메시지관리 | N17: 태블릿 운영 관리 | O17: 메시지 관리 | P17: → 이동 기존 라이브관리에서 이동 | S17: 태블릿 운영 관리 | T17: 메시지 관리 | U17: 구현 | V17: https://td17.smartscore.kr/club/page/live-message | W17: 진입 성공
A18: =COUNTA($C$3:C18) -> 16 | C18: 홀 이벤트 관리 | E18: 박경선 | F18: 완료 | G18: 박경선 | K18: 16 | L18: 라이브관리 | M18: 홀이벤트관리 | N18: 태블릿 운영 관리 | O18: 홀 이벤트 관리 | P18: → 이동 기존 라이브관리에서 이동 / 메뉴명 변경: 홀이벤트관리 → 홀 이벤트 관리 | S18: 태블릿 운영 관리 | T18: 홀 이벤트 관리 | U18: 구현 | V18: https://td17.smartscore.kr/club/page/live-hole-event | W18: 진입 성공
A19: =COUNTA($C$3:C19) -> 17 | B19: 홀맵 관리 | C19: 홀맵 구역 설정 | E19: 전영신 | F19: 완료 | G19: 전영신 | K19: 17 | L19: 관제관리 | M19: 홀맵 구역 관리 | N19: 홀맵 관리 | O19: 홀맵 구역 설정 | P19: → 이동 신규 생성 대메뉴 / 기존 관제관리 > 홀맵 구역 관리에서 분리 이동 | S19: 홀맵 관리 | T19: 홀맵 구역 설정 | U19: 미구현 | W19: SNB 메뉴 없음/명칭 불일치 | X19: 홀맵 구역 관리 | Y19: 홀맵 구역 설정
A20: =COUNTA($C$3:C20) -> 18 | C20: 카트패스 진입여부 설정 | E20: 전영신 | F20: 완료 | G20: 전영신 | K20: 18 | L20: (없음) | M20: (없음) | N20: 홀맵 관리 | O20: 카트패스 진입여부 설정 | P20: ✚ 추가 신규 추가 메뉴 | S20: 홀맵 관리 | T20: 카트패스 진입여부 설정 | U20: 구현 | V20: https://td17.smartscore.kr/club/page/holemap-cart-entrance | W20: 진입 성공
A21: =COUNTA($C$3:C21) -> 19 | C21: 티샷 유의 거리 설정 | E21: 전영신 | F21: 완료 | G21: 전영신 | K21: 19 | L21: (없음) | M21: (없음) | N21: 홀맵 관리 | O21: 티샷 유의 거리 설정 | P21: ✚ 추가 신규 추가 메뉴 | S21: 홀맵 관리 | T21: 티샷 유의 거리 설정 | U21: 구현 | V21: https://td17.smartscore.kr/club/page/holemap-teeshot-distance | W21: 진입 성공
A22: =COUNTA($C$3:C22) -> 20 | C22: 홀맵 미리보기 | E22: 전영신 | F22: 진행중 | G22: 전영신 | K22: 20 | L22: (없음) | M22: (없음) | N22: 홀맵 관리 | O22: 홀맵 미리보기 | P22: ✚ 추가 신규 추가 메뉴 | S22: 홀맵 관리 | T22: 홀맵 미리보기 | U22: 구현 | V22: https://td17.smartscore.kr/club/page/holemap-preview | W22: 진입 성공
A23: =COUNTA($C$3:C23) -> 21 | B23: 코스 운영 관리 | C23: 핀 포지션 관리 | E23: 전영신 | F23: 완료 | G23: 전영신 | K23: 21 | L23: 관제관리 | M23: 핀포지션관리 | N23: 코스 운영 관리 | O23: 핀 포지션 관리 | P23: → 이동 기존 관제관리에서 이동 / 메뉴명 변경 | S23: 코스 운영 관리 | T23: 핀 포지션 관리 | U23: 구현 | V23: https://td17.smartscore.kr/club/page/course-analysis-pin-position | W23: 진입 성공
A24: =COUNTA($C$3:C24) -> 22 | C24: 핀 포지션 변경이력 | E24: 전영신 | F24: 완료 | G24: 전영신 | K24: 22 | L24: 코스분석 | M24: 핀포지션 변경이력 | N24: 코스 운영 관리 | O24: 핀 포지션 변경이력 | P24: → 이동 기존 코스분석에서 이동 / 메뉴명 변경 | S24: 코스 운영 관리 | T24: 핀 포지션 변경이력 | U24: 구현 | V24: https://td17.smartscore.kr/club/page/course-analysis-pin-history | W24: 진입 성공
A25: =COUNTA($C$3:C25) -> 23 | C25: 핀 포지션 분석 | E25: 전영신 | F25: 완료 | G25: 전영신 | K25: 23 | L25: 코스분석 | M25: 핀포지션분석 | N25: 코스 운영 관리 | O25: 핀 포지션 분석 | P25: → 이동 기존 코스분석에서 이동 / 메뉴명 변경 | S25: 코스 운영 관리 | T25: 핀 포지션 분석 | U25: 구현 | V25: https://td17.smartscore.kr/club/page/course-analysis-pin | W25: 진입 성공
A26: =COUNTA($C$3:C26) -> 24 | C26: 코스 분석 | E26: 전영신 | F26: 완료 | G26: 전영신 | K26: 24 | L26: 코스분석 | M26: 코스분석 | N26: 코스 운영 관리 | O26: 코스 분석 | P26: → 이동 기존 코스분석에서 이동 | S26: 코스 운영 관리 | T26: 코스 분석 | U26: 구현 | V26: https://td17.smartscore.kr/club/page/course-analysis-detail | W26: 진입 성공
A27: =COUNTA($C$3:C27) -> 25 | C27: 그린 스피드 | E27: 전영신 | F27: 완료 | G27: 전영신 | K27: 25 | L27: 웰컴 메시지 | M27: 그린스피드 | N27: 코스 운영 관리 | O27: 그린 스피드 | P27: → 이동 기존 웰컴 메시지에서 이동 / 메뉴명 변경 | S27: 코스 운영 관리 | T27: 그린 스피드 | U27: 구현 | V27: https://td17.smartscore.kr/club/page/course-analysis-green-speed | W27: 진입 성공
A28: =COUNTA($C$3:C28) -> 26 | C28: 골프장 소식 | E28: 전영신 | F28: 완료 | G28: 전영신 | K28: 26 | L28: 웰컴 메시지 | M28: 골프장소식 | N28: 코스 운영 관리 | O28: 골프장 소식 | P28: → 이동 기존 웰컴 메시지에서 이동 / 메뉴명 변경 | S28: 코스 운영 관리 | T28: 골프장 소식 | U28: 구현 | V28: https://td17.smartscore.kr/club/page/course-analysis-club-news | W28: 진입 성공
A29: =COUNTA($C$3:C29) -> 27 | B29: 경기 진행 관리 | C29: 진행시간 표준 설정 | E29: 전영신 | F29: 완료 | G29: 전영신 | K29: 27 | L29: 관제관리 | M29: 진행시간 표준설정 | N29: 경기 진행 관리 | O29: 진행시간 표준 설정 | P29: → 이동 신규 생성 대메뉴 / 기존 관제관리에서 이동 | S29: 경기 진행 관리 | T29: 진행시간 표준 설정 | U29: 구현 | V29: https://td17.smartscore.kr/club/page/control-time-standard | W29: 진입 성공
A30: =COUNTA($C$3:C30) -> 28 | C30: 진행시간 실시간 | E30: 전영신 | F30: 완료 | G30: 전영신 | K30: 28 | L30: 관제관리 | M30: 진행시간 실시간 | N30: 경기 진행 관리 | O30: 진행시간 실시간 | P30: → 이동 기존 관제관리에서 이동 | S30: 경기 진행 관리 | T30: 진행시간 실시간 | U30: 구현 | V30: https://td17.smartscore.kr/club/page/control-time-realtime | W30: 진입 성공
A31: =COUNTA($C$3:C31) -> 29 | C31: 진행시간 조회 | E31: 전영신 | F31: 완료 | G31: 전영신 | K31: 29 | L31: 관제관리 | M31: 진행시간 조회 | N31: 경기 진행 관리 | O31: 진행시간 조회 | P31: → 이동 기존 관제관리에서 이동 | S31: 경기 진행 관리 | T31: 진행시간 조회 | U31: 구현 | V31: https://td17.smartscore.kr/club/page/control-time-search | W31: 진입 성공
A32: =COUNTA($C$3:C32) -> 30 | C32: 진행시간 통계 | E32: 전영신 | F32: 완료 | G32: 전영신 | K32: 30 | L32: 관제관리 | M32: 진행시간 통계 | N32: 경기 진행 관리 | O32: 진행시간 통계 | P32: → 이동 기존 관제관리에서 이동 | S32: 경기 진행 관리 | T32: 진행시간 통계 | U32: 구현 | V32: https://td17.smartscore.kr/club/page/control-time-statistics | W32: 진입 성공
A33: =COUNTA($C$3:C33) -> 31 | B33: 캐디 관리 | C33: 캐디 리스트 | E33: 박경선 | F33: 완료 | G33: 박경선 | K33: 31 | L33: 캐디관리 | M33: 전체캐디 | N33: 캐디 관리 | O33: 캐디 리스트 | P33: ✎ 변경 메뉴명 변경: 전체캐디 → 캐디 리스트 | S33: 캐디 관리 | T33: 캐디 리스트 | U33: 미구현 | W33: SNB 메뉴 없음/명칭 불일치 | X33: 캐디관리 | Y33: 캐디 관리
A34: =COUNTA($C$3:C34) -> 32 | C34: 캐디 등록 관리 | E34: 박경선 | F34: 완료 | G34: 박경선 | K34: 32 | L34: 캐디관리 | M34: 캐디등록/수정/해지 | N34: 캐디 관리 | O34: 캐디 등록 관리 | P34: ✎ 변경 메뉴명 변경: 캐디등록/수정/해지 → 캐디 등록 관리 | S34: 캐디 관리 | T34: 캐디 등록 관리 | U34: 미구현 | W34: SNB 메뉴 없음/명칭 불일치 | X34: 캐디 등록 | Y34: 캐디 등록 관리
A35: =COUNTA($C$3:C35) -> 33 | C35: 캐디 실적 | E35: 박경선 | F35: 완료 | G35: 박경선 | K35: 33 | L35: 캐디관리 | M35: 캐디실적 | N35: 캐디 관리 | O35: 캐디 실적 | P35: ● 유지 유지 | S35: 캐디 관리 | T35: 캐디 실적 | U35: 구현 | V35: https://td17.smartscore.kr/club/page/caddie-performance | W35: 진입 성공 | X35: 캐디 실적 페이지 | Y35: 캐디 실적
A36: =COUNTA($C$3:C36) -> 34 | B36: 캐디피 관리 | C36: 캐디피 설정 | E36: 박경선 | F36: 완료 | G36: 박경선 | K36: 34 | L36: 캐디피 관리 | M36: 캐디피 설정 | N36: 캐디피 관리 | O36: 캐디피 설정 | P36: ● 유지 유지 (하위메뉴 포함) | S36: 캐디피 관리 | T36: 캐디피 설정 | U36: 미구현 | W36: SNB 대메뉴 없음/명칭 불일치
A37: =COUNTA($C$3:C37) -> 35 | C37: 캐디피 통계 | E37: 박경선 | F37: 완료 | G37: 박경선 | K37: 35 | L37: 캐디피 관리 | M37: 캐디피 통계 | N37: 캐디피 관리 | O37: 캐디피 통계 | P37: ● 유지 유지 | S37: 캐디피 관리 | T37: 캐디피 통계 | U37: 미구현 | W37: SNB 대메뉴 없음/명칭 불일치
A38: =COUNTA($C$3:C38) -> 36 | C38: 캐디피 결제 내역 | E38: 박경선 | F38: 완료 | G38: 박경선 | K38: 36 | L38: 캐디피 관리 | M38: 캐디피 결제내역 | N38: 캐디피 관리 | O38: 캐디피 결제 내역 | P38: ✎ 변경 메뉴명 띄어쓰기 변경 | S38: 캐디피 관리 | T38: 캐디피 결제 내역 | U38: 미구현 | W38: SNB 대메뉴 없음/명칭 불일치
A39: =COUNTA($C$3:C39) -> 37 | C39: 캐디 자료/신고서 | E39: 박경선 | F39: 완료 | G39: 박경선 | K39: 37 | L39: 캐디피 관리 | M39: 캐디 자료 / 신고서 | N39: 캐디피 관리 | O39: 캐디 자료/신고서 | P39: ● 유지 유지 | S39: 캐디피 관리 | T39: 캐디 자료/신고서 | U39: 미구현 | W39: SNB 대메뉴 없음/명칭 불일치
A40: =COUNTA($C$3:C40) -> 38 | B40: 배토 관리 | C40: 배토 기록 조회 | E40: 강나연 | F40: 완료 | G40: 강나연 | K40: 38 | L40: 라운드관리 | M40: 배토기록조회 | N40: 배토 관리 | O40: 배토 기록 조회 | P40: → 이동 신규 생성 대메뉴 / 기존 라운드관리에서 이동 | S40: 배토 관리 | T40: 배토 기록 조회 | U40: 구현 | V40: https://td17.smartscore.kr/club/page/topdressing-record | W40: 진입 성공
A41: =COUNTA($C$3:C41) -> 39 | C41: 배토 통계 | E41: 강나연 | F41: 완료 | G41: 강나연 | K41: 39 | L41: (없음) | M41: (없음) | N41: 배토 관리 | O41: 배토 통계 | P41: ✚ 추가 신규 추가 메뉴 | S41: 배토 관리 | T41: 배토 통계 | U41: 구현 | V41: https://td17.smartscore.kr/club/page/topdressing-statistics | W41: 진입 성공
A42: =COUNTA($C$3:C42) -> 40 | B42: 식음 관리 | C42: 버전 업데이트 | E42: 강나연 | F42: 완료 | G42: 강나연 | K42: 40 | L42: 식음관리(F&B) | M42: 버전 업데이트 | N42: 식음 관리 | O42: 버전 업데이트 | P42: ✎ 변경 0depth 명칭 변경: 식음관리(F&B) → 식음 관리 | S42: 식음 관리 | T42: 버전 업데이트 | U42: 미구현 | W42: SNB 대메뉴 없음/명칭 불일치 | X42: 식음관리 | Y42: 대메뉴명 변경 필요
A43: =COUNTA($C$3:C43) -> 41 | C43: 그늘집 및 TOS관리 | E43: 강나연 | F43: 완료 | G43: 강나연 | K43: 41 | L43: 식음관리(F&B) | M43: 그늘집 및 TOS 관리 | N43: 식음 관리 | O43: 그늘집 및 TOS관리 | P43: ● 유지 유지 (신규 생성 / 기존 그늘집 관리에서 분리) | S43: 식음 관리 | T43: 그늘집 및 TOS관리 | U43: 미구현 | W43: SNB 대메뉴 없음/명칭 불일치
A44: =COUNTA($C$3:C44) -> 42 | C44: 식당 관리 | E44: 강나연 | F44: 완료 | G44: 강나연 | K44: 42 | L44: 식음관리(F&B) | M44: 식당 관리 (신규 생성) | N44: 식음 관리 | O44: 식당 관리 | P44: ✚ 추가 신규 생성 / 기존 그늘집 관리에서 분리 | S44: 식음 관리 | T44: 식당 관리 | U44: 미구현 | W44: SNB 대메뉴 없음/명칭 불일치
A45: =COUNTA($C$3:C45) -> 43 | C45: 상품 등록 관리 | E45: 강나연 | F45: 완료 | G45: 강나연 | K45: 43 | L45: 식음관리(F&B) | M45: 상품 등록/관리 | N45: 식음 관리 | O45: 상품 등록 관리 | P45: ✎ 변경 메뉴명 변경: 상품 등록/관리 → 상품 등록 관리 | S45: 식음 관리 | T45: 상품 등록 관리 | U45: 미구현 | W45: SNB 대메뉴 없음/명칭 불일치 | X45: 상품 등록 관리 | Y45: /' 제외 필요
A46: =COUNTA($C$3:C46) -> 44 | C46: 식당·품목 매핑 | E46: 강나연 | F46: 완료 | G46: 강나연 | K46: 44 | L46: (없음) | M46: (없음) | N46: 식음 관리 | O46: 식당·품목 매핑 | P46: ✚ 추가 신규 추가 메뉴 | S46: 식음 관리 | T46: 식당·품목 매핑 | U46: 미구현 | W46: SNB 대메뉴 없음/명칭 불일치
A47: =COUNTA($C$3:C47) -> 45 | C47: 주문 내역 관리 | E47: 강나연 | F47: 완료 | G47: 강나연 | K47: 45 | L47: 식음관리(F&B) | M47: 통계 | N47: 식음 관리 | O47: 주문 내역 관리 | P47: ✎ 변경 메뉴명 변경 / 기존 캐디주문실적·그늘집주문내역 통합 편입 | S47: 식음 관리 | T47: 주문 내역 관리 | U47: 미구현 | W47: SNB 대메뉴 없음/명칭 불일치
A48: =COUNTA($C$3:C48) -> 46 | B48: 고객 평가 관리 | C48: 캐디 평가 | E48: 강나연 | F48: 완료 | G48: 강나연 | K48: 46 | L48: 캐디관리 | M48: 캐디평가 | N48: 고객 평가 관리 | O48: 캐디 평가 | P48: → 이동 기존 캐디관리에서 이동 / 대메뉴 신규 생성 | S48: 고객 평가 관리 | T48: 캐디 평가 | U48: 구현 | V48: https://td17.smartscore.kr/club/page/caddie-evaluation | W48: 진입 성공 | X48: 고객 평가 관리 | Y48: 띄어쓰기 필요
A49: =COUNTA($C$3:C49) -> 47 | C49: 고객 평가 | E49: 강나연 | F49: 완료 | G49: 강나연 | K49: 47 | L49: (없음) | M49: (없음) | N49: 고객 평가 관리 | O49: 고객 평가 | P49: ✚ 추가 신규 추가 (코스, 식음료 등 키오스크 평가 항목) | S49: 고객 평가 관리 | T49: 고객 평가 | U49: 구현 | V49: https://td17.smartscore.kr/club/page/customer-eval-poll | W49: 진입 성공 | X49: 캐디 핑가 | Y49: 띄어쓰기 필요
A50: =COUNTA($C$3:C50) -> 48 | C50: 식음료 평가 | E50: 강나연 | G50: 강나연 | I50: 범위제외 | K50: 48 | L50: (없음) | M50: (없음) | N50: 고객 평가 관리 | O50: 식음료 평가 | P50: ✚ 추가 신규 추가 | S50: 고객 평가 관리 | T50: 식음료 평가 | U50: 미구현 | W50: SNB 메뉴 없음/명칭 불일치 | X50: 후기 통계 | Y50: 띄어쓰기 필요
A51: =COUNTA($C$3:C51) -> 49 | C51: 후기 리스트 | E51: 강나연 | F51: 완료 | G51: 강나연 | K51: 49 | L51: 골프장 후기 | M51: 후기 리스트 | N51: 고객 평가 관리 | O51: 후기 리스트 | P51: → 이동 기존 골프장 후기에서 이동 | S51: 고객 평가 관리 | T51: 후기 리스트 | U51: 구현 | V51: https://td17.smartscore.kr/club/page/review-list | W51: 진입 성공 | X51: 고객 평가 | Y51: 띄어쓰기 필요
A52: =COUNTA($C$3:C52) -> 50 | C52: 후기 통계 | E52: 강나연 | F52: 완료 | G52: 강나연 | K52: 50 | L52: 골프장 후기 | M52: 후기 통계 | N52: 고객 평가 관리 | O52: 후기 통계 | P52: → 이동 기존 골프장 후기에서 이동 | S52: 고객 평가 관리 | T52: 후기 통계 | U52: 구현 | V52: https://td17.smartscore.kr/club/page/review-statistics | W52: 진입 성공
A53: =COUNTA($C$3:C55) -> 53 | B53: 대회 | C53: 대회관리 | I53: 범위제외 | K53: 51 | L53: (없음) | M53: (없음) | N53: 대회 | O53: 대회관리 | P53: ✚ 추가 신규 추가 대메뉴 및 메뉴 | S53: 대회 | T53: 대회관리 | U53: 구현 | V53: https://td17.smartscore.kr/club/page/tournament | W53: 진입 성공
A54: =COUNTA($C$3:C54) -> 52 | B54: 계정 관리 | C54: 계정 리스트 | E54: 강나연 | F54: 완료 | G54: 강나연 | K54: 52 | L54: 계정 권한 관리 | M54: 전체 사용자 계정 | N54: 계정 관리 | O54: 계정 리스트 | P54: ✎ 변경 0depth 명칭 변경: 계정 권한 관리 → 계정 관리 / 메뉴명 변경 | S54: 계정 관리 | T54: 계정 리스트 | U54: 구현 | V54: https://td17.smartscore.kr/club/page/account-user | W54: 진입 성공
A55: =COUNTA($C$3:C55) -> 53 | C55: 계정 관리인 리스트 | E55: 강나연 | F55: 진행중 | G55: 강나연 | K55: 53 | L55: (없음) | M55: (없음) | N55: 계정 관리 | O55: 계정 관리인 리스트 | P55: ✚ 추가 신규 추가 메뉴 | S55: 계정 관리 | T55: 계정 관리인 리스트 | U55: 미구현 | W55: SNB 메뉴 없음/명칭 불일치
K56: 54 | L56: 게시판 | M56: FAQ | N56: (삭제) | O56: 게시판 > FAQ | P56: ✖ 삭제 삭제 (하위 메뉴 전체: 사용률 저조 및 장기 미 업데이트)
K57: 55 | L57: 게시판 | M57: Q&A | N57: (삭제) | O57: 게시판 > Q&A | P57: ✖ 삭제 삭제
K58: 56 | L58: 게시판 | M58: 버젼관리 | N58: (삭제) | O58: 게시판 > 버젼관리 | P58: ✖ 삭제 삭제
K59: 57 | L59: 라이브관리 | M59: 광고 관리 | N59: (삭제) | O59: 라이브관리 > 광고 관리 | P59: ✖ 삭제 삭제 (클라우드 개별 분화)
K60: 58 | L60: 라이브관리 | M60: 대기모니터 관리 | N60: (삭제) | O60: 라이브관리 > 대기모니터 관리 | P60: ✖ 삭제 삭제 (클라우드 개별 분화)
K61: 59 | L61: 라이브관리 | M61: 대기모니터 뷰어 | N61: (삭제) | O61: 라이브관리 > 대기모니터 뷰어 | P61: ✖ 삭제 삭제 (클라우드 개별 분화)
K62: 60 | L62: 라이브관리 | M62: 블랙박스 관리 | N62: (삭제) | O62: 라이브관리 > 블랙박스 관리 | P62: ✖ 삭제 삭제 (클라우드 개별 분화)
K63: 61 | L63: 관제관리 | M63: 공지사항 | N63: (삭제) | O63: 관제관리 > 공지사항 | P63: ✖ 삭제 삭제 (공지사항 기능 이관)
K64: 62 | L64: 내장객관리 | M64: 문자발송내역 | N64: (삭제) | O64: 내장객관리 > 문자발송내역 | P64: ✖ 삭제 삭제 (데이터 마케팅으로 이관)
K65: 63 | L65: 계정 권한 관리 | M65: 전체 권한 그룹 | N65: (삭제) | O65: 계정 권한 관리 > 전체 권한 그룹 | P65: ✖ 삭제 계정 관리 > 계정 권한 관리로 메뉴 통합
K66: 64 | L66: 복지몰 | M66: 복지몰 회원관리 | N66: (삭제) | O66: 복지몰 > 복지몰 회원관리 | P66: ✖ 삭제 삭제 (미사용)
K67: 65 | L67: 카트관리 | M67: 전체카트 | N67: (삭제) | O67: 카트관리 > 전체카트 | P67: ✖ 삭제 상위메뉴 삭제 / 라운드관리 > 카트 관리로 이동
... K73: 71 | L73: 라이브관리 | M73: - | N73: (삭제) | O73: 라이브관리 (대메뉴 잔여) | P73: ✖ 삭제 대메뉴 내 메뉴 전체 타 메뉴로 이동 후 삭제

Sheet Sanity
A1: No. | B1: 화면 | E1: 절차 | F1: 확인사항 및 기대결과 | G1: QA 확인 결과 | H1: Comment | I1: 담당자
B2: 1 depth | C2: 2 depth | D2: 3 depth
A3: =COUNTA($F$3:$F3) -> 1 | B3: 조인 | C3: 홈 | E3: 1. 홈 메뉴 선택 | F3: 1. 홈 메뉴 진입 2. 나의 조인 내역 표시 3. 조인 등록, 조인찾기 버튼 제공 4. 추천 키워드 등록 기능 제공 5. 추천 키워드 리스트 제공
D4: 나의조인 | E4: 1. 홈 메뉴 선택 2. 나의 조인 확인 | F4: 1. 조인 항목 표시 됨
D5: new 뱃지 | E5: 1. 홈 메뉴 선택 2. 나의 조인 > 신청자내역, 대화, 신청정보 확인. | F5: 1. 새로운 정보가 있을 때 n 뱃지 표시
A6: =COUNTA($F$3:$F6) -> 3 | C6: 부부커플 | E6: 1. 부부 커플 메뉴 선택
A7: =COUNTA($F$3:$F7) -> 3 | C7: 남남여여
A8: =COUNTA($F$3:$F8) -> 3 | C8: 스크린
A9: =COUNTA($F$3:$F9) -> 3 | C9: 1박2일
A10: =COUNTA($F$3:$F10) -> 3 | C10: 해외동반
A11: =COUNTA($F$3:$F11) -> 3 | B11: 홈 | C11: 조인등록
C12: 조인 수정
C13: 조인 참여
A14: =COUNTA($F$3:$F14) -> 3 | B14: 홈 | C14: 조인찾기
A15: =COUNTA($F$3:$F15) -> 3 | B15: 홈 | C15: 키워드 등록
A16: =COUNTA($F$3:$F16) -> 3 | C16: 키워드 리스트
A17: =COUNTA($F$3:$F17) -> 3
A18: =COUNTA($F$3:$F18) -> 3
A19: =COUNTA($F$3:$F19) -> 3
A20: =COUNTA($F$3:$F20) -> 3
A21: =COUNTA($F$3:$F21) -> 3
A22: =COUNTA($F$3:$F22) -> 3
A23: =COUNTA($F$3:$F23) -> 3
A24: =COUNTA($F$3:$F24) -> 3

Sheet 시트15
A1: SMARTSCORE 경기관제(클럽어드민) 개선 — Information Architecture
A2: No. | B2: 대메뉴 (Depth 1) | C2: 중메뉴 (Depth 2) | D2: 소메뉴 (Depth 3) | E2: 주요 기능 / 기획 정의 | F2: 기획서 정의 여부 | G2: 비고
A3: 1 | B3: HOME | C3: – | D3: – | E3: 공지사항 팝업(최신 공지 제목 표시, 좌/우 화살표로 이전/다음 전환) 클럽공지 제목 클릭 시 본문 진입 언어 선택(KR/EN) 셀렉트 칩 골프장명 표시 | F3: O | G3: 공통 상단 포함
A4: 2 | B4: 라운드 관리 | C4: 내장 현황 | D4: – | E4: 당일 내장객 현황 조회 내장객 남/여 구분 표시 유효 내장객 수 표시 | F4: O
A5: 3 | C5: 내장 통계 | D5: – | E5: 기간별 내장 통계 조회 내보내기(엑셀 다운로드) 기능 데이터 없음 시 '내역이 없습니다' 표시 | F5: O
A6: 4 | C6: 전체 라운드 | D6: – | E6: 태블릿 전송 라운드 전체 기록 조회(90일 보관) 라운드 상세 정보 관리 사진 팝업(클럽사진 이동/일반사진 이동 알럿) 스코어카드 레이어팝업 라운드 상태 Live 시 수정·이름변경·삭제·코스변경·티오프변경 버튼 미노출 오버타수 변경·총타수 변경 버튼 전환 라운드 날짜·티오프 시간 변경 팝업 코스변경 알럿 ('선택하신 코스로 전,후반 코스를 변경합니다.') 라운드 삭제 알럿 고객 내장객 사진 1일 보관 | F6: O
A7: 5 | C7: 단체 라운드 | D7: – | E7: 별도 프로젝트 [단체팀 고도화] 진행 중 — 설명 생략 | F7: △ | G7: 단체팀 고도화 별도
A8: 6 | C8: 라운드 설정 | D8: – | E8: 라운드 기준 홀 수 설정(6홀/9홀/18홀 선택) 초기화·저장 버튼 홀 난이도 설정(홀별 select박스, 중복 난이도 불가) 롱기스트·니어리스트 기본 적용 홀 설정 신페리오 적용 홀 설정(랜덤선택·초기화·저장) 코스별 롱기/니어 홀 설정 | F8: O | G8: 기존 메뉴 UI 통합
A9: 7 | C9: 카트 관리 | D9: – | E9: 카트 목록 조회(사용구분 필터: 전체/사용/중지, 기본값:사용) 조회일 선택 시 해당일 운행 카트만 표시 카트 등록 레이어팝업(기존 펼치기→팝업 변경) 카트 번호 일괄 생성(최대 4자리, 중복 미생성) 카트 별 라운드 기록 레이어팝업 - 기본 조회기간: 과거 30일 / 전년도 이전 조회 불가 - 순번 내림차순 정렬 | F9: O
A10: 8 | C10: 홀별 정산 관리 | D10: – | E10: 홀별 정산 기능 설정 토글(태블릿 홀정산 요청 활성화) 홀별 정산 사유 관리(최대 3개, 기본값: 약친후/부상/천재지변) 조회일·내장객명·캐디명 기준 홀정산 요청 내역 검색 내역 없음 처리 | F10: O
A11: 9 | B11: 관제 관리 | C11: 관제팝업 | D11: – | E11: 관제 지도 팝업 — 기존 기능 UI 변경 | F11: △ | G11: 상세 미정의
A12: 10 | C12: 메시지 기록 조회 | D12: – | E12: 기존 기능 유지 / UI만 데이터마케팅 기준으로 변경 문구 수정 | F12: O | G12: Maintain
A13: 11 | C13: 라이브채팅 공지 조회 | D13: – | E13: 라이브채팅 공지사항 기록 조회 1개월 이내 공지사항만 보관 | F13: O
A14: 12 | C14: 아이콘 관리 | D14: – | E14: 아이콘 시인성 향상 사용유무 설정(저장 Btn) 아이콘관리 사용유무 설정 코스별 아이콘 색상 설정(대표색상 설정) 사용중 아이콘 목록 / 초기화 Btn 그늘집 이미지 추가·홀 위치 설정(코스보기 내 노출) | F14: O
A15: 13 | C15: 카트이동경로 확인 | D15: – | E15: 카트 이동 경로 조회 — 상세 기획 미정의 | F15: X | G15: 미정의
A16: 14 | B16: 태블릿 운영 관리 | C16: 태블릿 기능 설정 | D16: 경기 진행 설정 | E16: 태블릿 기능 토글 목록: - 고객확인서 팝업(라운드 시작 시) - 중대재해 확인서 - 추가 확인서(필수/선택) - 드론영상 텍스트 음성 변환 - 관제 긴급 호출 - 관제 긴급 메시지 - 전체 관제화면 보기 - 날씨 확인 - 다음 코스 대기 카트 표시(8번홀 진입 시) - 그린 팝업 전체/활성화/비활성화 기능 수 카드 요약 표시 토글 26.5.7 변경 반영 | F16: O
A17: 15 | D17: 고객 확인서 관리 | E17: 라운드 시작 전 팝업 고객확인서 내용 관리 | F17: O
A18: 16 | D18: 중대재해 확인서 | E18: 2022.01.27 시행 중대재해처벌법 안내 문구 관리 기존 기능 / UI만 변경 | F18: O
A19: 17 | D19: 추가 확인서 | E19: 추가 확인서 항목 커스터마이징(캐디모드 전용) 태블릿 서명 전 확인용 노출 | F19: O
A20: 18 | D20: 잠금 모드 설정 | E20: 태블릿 잠금 모드 설정 | F20: △ | G20: 상세 미정의
A21: 19 | C21: 메시지 관리 | D21: – | E21: 센터 메시지 관리 기획서 오류로 개발4팀 문의 예정(25.5.11) | F21: X | G21: 개발 문의 필요
A22: 20 | C22: 홀 이벤트 관리 | D22: – | E22: 홀 이벤트 설정 관리 — 상세 기획 미정의 | F22: X | G22: 미정의
A23: 21 | B23: 홀맵 관리 | C23: 홀맵 구역 설정 | D23: – | E23: 홀맵구역 표 조회(기존 기능) '뒷카트알림' 타이틀 수정 구역관리 레이어팝업: - 코스/홀/파 표시 - 지도옵션(지도/위성/홀맵/정보 radio, 확대축소) - 홀맵 옵션(신규): 등록 홀맵 기준 지형 표시, 확대/축소 - 위험구역 설정 - 플레이 영역 설정(OB 설정·PA 설정 — 점으로 선 그리기) - 거리표시 지점 설정(신규 — 주황색 점, 거리표시 팝업) - 특정위치 알림 설정(초록색 점, 카트패스 선 위) - 뒷카트 알림 설정(영역 잡기, 전체면적·총거리 자동계산, 구역추가 팝업) - 다음 홀 방향 설정(카트패스 선 위 점 찍기) - 경로 위 포인트 등록 | F23: O | G23: 신규 기능 다수
A24: 22 | C24: 카트패스 진입여부 설정 | D24: – | E24: 페어웨이 진입 알림 전체 설정(활성화/비활성화) 코스별 페어웨이 진입 가능여부 설정 | F24: O
A25: 23 | C25: 티샷 유의 거리 설정 | D25: – | E25: 티샷 유의 거리 설정 — 상세 기획 미정의 | F25: X | G25: 미정의
A26: 24 | C26: 홀맵 미리보기 | D26: – | E26: 등록된 홀맵 미리보기 — 상세 기획 미정의 | F26: X | G26: 미정의
A27: 25 | B27: 코스 운영 관리 | C27: 핀 포지션 관리 | D27: – | E27: 핀 포지션 등록·수정·삭제 관리 | F27: O
A28: 26 | C28: 핀 포지션 변경이력 | D28: – | E28: 핀 포지션 변경 이력 조회 | F28: O
A29: 27 | C29: 핀 포지션 분석 | D29: – | E29: 핀 포지션 분석 데이터 조회 | F29: O
A30: 28 | C30: 코스 분석 | D30: – | E30: 코스 분석 데이터 조회·관리 | F30: O
A31: 29 | C31: 그린 스피드 | D31: – | E31: 그린 스피드 입력·조회 | F31: O
A32: 30 | C32: 골프장 소식 | D32: – | E32: 골프장 소식 등록·관리 | F32: O
A33: 31 | B33: 경기 진행 관리 | C33: 진행시간 표준 설정 | D33: – | E33: 진행시간 표준값 설정·저장 | F33: O
A34: 32 | C34: 진행시간 실시간 | D34: – | E34: 실시간 진행시간 조회 | F34: O
A35: 33 | C35: 진행시간 조회 | D35: – | E35: 기간별 진행시간 조회·검색 | F35: O
A36: 34 | C36: 진행시간 통계 | D36: – | E36: 진행시간 통계 조회·내보내기 | F36: O
A37: 35 | B37: 캐디 관리 | C37: 캐디 리스트 | D37: – | E37: 캐디 현황 조회 하우스/외부 캐디 비율 차트 활동/비활동 캐디 비율 차트 회원/비회원 캐디 비율 차트 | F37: O
A38: 36 | C38: 캐디 등록 관리 | D38: – | E38: 캐디 등록·수정·삭제 관리 | F38: O
A39: 37 | C39: 캐디 실적 | D39: – | E39: 캐디별 실적 조회·통계 | F39: O
A40: 38 | B40: 캐디피 관리 | C40: 캐디피 설정 | D40: – | E40: 캐디피 금액 설정 감사팁 결제 여부 설정 | F40: O
A41: 39 | C41: 캐디피 통계 | D41: – | E41: 캐디피 결제 금액 순위 조회 탭: 전체/태블릿-카드결제/태블릿-현금결제/앱결제 (26.5.7 수정) 내보내기(엑셀) 기능 | F41: O
A42: 40 | C42: 캐디피 결제내역 | D42: – | E42: 캐디피 결제 내역 조회·결제 취소 내보내기(엑셀) 기능 | F42: O
A43: 41 | C43: 캐디 자료/신고서 | D43: – | E43: 캐디 자료·신고서 조회·다운로드 | F43: O
A44: 42 | B44: 배토 관리 | C44: 배토 기록 조회 | D44: – | E44: 배토 기록 조회·검색 내보내기(엑셀) 기능 | F44: O
A45: 43 | C45: 배토 통계 | D45: – | E45: 배토 통계 데이터 조회 | F45: O
A46: 44 | B46: 식음 관리 | C46: 버전 업데이트 | D46: – | E46: 식음 관리 버전 업데이트 안내 / TOS 전환 설정 구버전: 기존 TOS 사용으로 설정 변경 안내 | F46: O
A47: 45 | C47: 그늘집 및 TOS관리 | D47: – | E47: 그늘집·TOS 관리 설정 | F47: △ | G47: 상세 일부 미정의
A48: 46 | C48: 식당 관리 | D48: – | E48: 식당 정보 등록·수정·관리 | F48: O
A49: 47 | C49: 상품 등록 관리 | D49: – | E49: 식음 상품 등록·수정·삭제 | F49: O
A50: 48 | C50: 식당·품목 매칭 | D50: – | E50: 식당과 품목 매칭 설정 | F50: O
A51: 49 | C51: 주문 내역 관리 | D51: – | E51: 식음 주문 내역 조회·처리 | F51: O
A52: 50 | B52: 고객 평가 관리 | C52: 캐디 평가 | D52: – | E52: 캐디 평가 내역 조회·통계 | F52: O
A53: 51 | C53: 코스 및 시설 평가 | D53: – | E53: 코스·시설 평가 내역 조회 | F53: O
A54: 52 | C54: 후기 리스트 | D54: – | E54: 고객 후기 목록 조회·관리 | F54: O
A55: 53 | C55: 후기 통계 | D55: – | E55: 후기 통계 조회·내보내기 | F55: O
A56: 54 | B56: 계정 관리 | C56: 계정 리스트 | D56: – | E56: 계정 목록 조회(총 계정 수 표시) 비활성화 계정 영구삭제 권고 내보내기(엑셀) 기능 | F56: O
A57: 55 | C57: 계정 권한 리스트 | D57: – | E57: 계정별 권한 설정: 게시판/캐디관리/라운드관리/내장객관리 라이브관리/코스분석/관제관리/복지몰 카트관리/골프장후기/웰컴메시지/스마트캐디 | F57: O
A58: 56 | B58: 공통 UI | C58: 테이블 공통 | D58: – | E58: 데이터 없음 시 '내역이 없습니다' 표시 페이지네이션: 데이터 없을 때 숫자 미표시 코스관리 공통화 적용 | F58: O | G58: 전체 공통
A59: 57 | C59: 내보내기 | D59: – | E59: 내보내기 Btn: 현재 조회 결과 테이블 → 엑셀 변환·다운로드 | F59: O | G59: 전체 공통
A60: 58 | C60: 언어 선택 | D60: – | E60: 상단 KR/EN 셀렉트 칩 → 언어 변경 옵션 노출 | F60: O | G60: 전체 공통
A61: 59 | C61: 스마트스코어 지원센터 | D61: – | E61: 1877-7281 / 평일 9시~18시 표시 | F61: O | G61: 고정 영역
A62: 60 | C62: 이용 가이드 | D62: – | E62: 이용 가이드 링크 노출 | F62: O | G62: 고정 영역

Sheet 시트30
B2: 분석여부 = 분석 JSON 존재 / 스크립트 = suite+spec 존재
B3: 대메뉴 | C3: 1depth | D3: 분석(Z) | E3: 스크립트(AA)
B4: 홈 | C4: 홈 | D4: O | E4: O
B5: 라운드관리 | C5: 내장 현황/내장 통계/전체라운드/라운드 설정/카트관리/홀별정산관리 | D5: O | E5: O
B6: 라운드관리 | C6: 단체라운드 | D6: O | E6: X(범위제외)
B7: 관제 관리 | C7: 아이콘 관리/라이브채팅 공지 조회/카트이동경로 확인 | D7: O | E7: O
B8: 관제 관리 | C8: 메시지 기록 조회 | D8: O | E8: X(빈 화면·미구현 의심)
B9: 관제 관리 | C9: 관제 모니터 | D9: X | E9: X (신규·범위제외 가능)
B10: 태블릿 운영 관리 | C10: 태블릿 기능 설정 | D10: O | E10: O
B11: 태블릿 운영 관리 | C11: 메시지 관리 / 홀 이벤트 관리 | D11: O | E11: X ← 진행
B12: 홀맵 관리 | C12: 홀맵 구역 설정/카트패스 진입여부/티샷 유의 거리/홀맵 미리보기 | D12: O | E12: X ← 진행
B13: 코스 운영 관리 | C13: 핀 포지션 관리/변경이력/분석, 코스 분석, 그린스피드, 골프장소식 | D13: O | E13: X ← 진행
B14: 경기 진행 관리 | C14: 진행시간 표준설정/실시간/조회/통계 | D14: O | E14: X ← 진행
... B18: 캐디피/식음/고객평가/대회/계정 관리 | C18: (전체) | D18: X | E18: X (분석 미수행)
B19: → "분석 O · 스크립트 X" = 이어서 작업 대상: 20개 (태블릿2 + 홀맵4 + 코스6 + 경기진행4 + 캐디3 + 배토기록1). 메시지 기록 조회·단체라운드는 제외(사유 명시).

Sheet HOME
A1: No. | C1: 화면 | F1: 기능 | G1: 사전 조건 | H1: 절차 | I1: 예상결과 | J1: 기획서 | K1: QA 확인 결과 | L1: JIRA | M1: 비고 | N1: 담당자
B2: 0 dapth | C2: 1 depth | D2: 2 depth | E2: 3 depth
A3: =COUNTA($I$3:$I3) -> 1 | B3: HOME | C3: HOME | F3: 제공정보 | H3: 1. 홈 화면 진입 | I3: 1. 헤더 영역 제공 2. 최신 공지 글 제공 3. 좌측 메뉴 아코디언 모두 접힌 상태로 제공 | J3: 공통 및 메인 | K3: PASS
A4: =COUNTA($I$3:$I4) -> 2 | B4: HOME | C4: 헤더 | F4: GNB (공통) | H4: 1. 홈 진입 후 GNB 영역 확인 | I4: 1. 왼쪽 상단에 타이틀 제공 2. 타이틀 우측에 로그인한 골프장명 제공 - SMARTSCORE 경기관제 | $골프장명$ 3. 언어 선택 드롭다운 박스 제공 4. 프로필 진입(사진) 버튼 제공 | J4: 공통 및 메인 | K4: PASS
A5: =COUNTA($I$3:$I5) -> 3 | B5: HOME | C5: 헤더 | H5: 1. 언어 선택 드롭다운 박스 선택 | I5: 1. 선택 가능 언어 항목 제공되고 선택 시 해당 언어로 변경 | J5: 공통 및 메인 | K5: PASS
A6: =COUNTA($I$3:$I6) -> 4 | B6: HOME | C6: 헤더 | H6: 1. 프로필 버튼 선택 | I6: 1. 마이 페이지 팝업 제공 - 아이디 / 부서 / 휴대폰 / 이메일 2. 로그아웃 버튼 제공 - 선택 시 로그아웃 됨 | J6: 공통 및 메인 | K6: FAIL | L6: https://smartscoretech.atlassian.net/browse/QA-14823 | M6: 클라우드 제공 마이페이지와 상이
A7: =COUNTA($I$3:$I7) -> 5 | B7: HOME | C7: 메인 | F7: 제공정보 | H7: 1. 홈 화면 진입 | I7: 1. 최신 등록 공지글 제공 - 공지사항 제목 영역 제공 - 공지사항 본문 영역 제공 2. 공지사항 리스트 제공 | J7: 공통 및 메인 | K7: PASS
A8: =COUNTA($I$3:$I8) -> 6 | B8: HOME | C8: 메인 | F8: 공지사항 제목 | H8: 1. 공지사항 제목 영역 확인 | I8: 1. 좌/우 이동 버튼 제공 - 이전/다음 글 존재할 경우 노출 2. 공지글 제목 표시 3. 공지글 작성/수정 최종 일시 제공 | J8: 공통 및 메인 | K8: PASS
A9: =COUNTA($I$3:$I9) -> 7 | B9: HOME | C9: 메인 | G9: 1. 이전/다음 글 존재 | H9: 1. 공지사항 제목 영역 2. 이전/다음 버튼 선택 | I9: 1. 이전/다음글 제공 | J9: 공통 및 메인 | K9: PASS
A10: =COUNTA($I$3:$I10) -> 8 | B10: HOME | C10: 메인 | G10: 1. 공지글 수정 | H10: 1. 공지글 작성/수정 일시 영역 확인 | I10: 1. 수정한 최종 일시 제공 | J10: 공통 및 메인 | K10: PASS
A11: =COUNTA($I$3:$I11) -> 9 | B11: HOME | C11: 메인 | F11: 공지사항본문 | H11: 1. 공지사항 본문 영역 확인 | I11: 1. 최신 등록 공지글 제공 - 공지글 제목 표시 - 해당 공지글작성/수정 최종 일시 표시 - 공지글 본문 제공 | J11: 공통 및 메인 | K11: PASS
A12: =COUNTA($I$3:$I12) -> 10 | B12: HOME | C12: 메인 | G12: 1. 공지글 수정 | H12: 1. 공지사항 본문 영역 확인 | I12: 1. 수정 사항 반영되어 제공 2. 수정한 최종 일시 제공 | J12: 공통 및 메인 | K12: PASS
A13: =COUNTA($I$3:$I13) -> 11 | B13: HOME | C13: 메인 | F13: 공지사항 리스트 | H13: 1. 공지사항 리스트 확인 | I13: 1. 등록된 공지사항 리스트 제공 - 공지글 제목 표시 - 해당 공지글작성/수정 최종 일시 표시 | J13: 공통 및 메인 | K13: PASS
A14: =COUNTA($I$3:$I14) -> 12 | B14: HOME | C14: 메인 | H14: 1. 공지글 선택 | I14: 1. 선택한 공지글이 공지사항 본문 영역에 제공 | J14: 공통 및 메인 | K14: PASS

Sheet 라운드 관리
A1: No. | C1: 화면 | F1: 기능 | G1: 사전 조건 | H1: 절차 | I1: 예상결과 | J1: 기획서 | K1: QA 확인 결과 | L1: JIRA | M1: 비고 | N1: 담당자
B2: 0 dapth | C2: 1 depth | D2: 2 depth | E2: 3 depth
A3: =COUNTA($I$3:$I3) -> 1 | B3: 라운드 관리 | C3: 내장 현황 | F3: 제공정보 | H3: 1. 라운드 관리 2. 내장 현황 선택 | I3: 1. 내장 현황 설명 영역 제공 - [데이터 마케팅 바로가기] 버튼 노출 - [도움말] 버튼 노출 2. 내장 현황 테이블 제공 - [내보내기] 버튼 노출 | J3: 내장 현황 | K3: PASS | L3: https://smartscoretech.atlassian.net/browse/QA-14828
A4: =COUNTA($I$3:$I4) -> 2 | B4: 라운드 관리 | C4: 내장 현황 | F4: 내장 현황 설명 | H4: 1. 내장 현황 설명 확인 | I4: 1. 내장 현황 설명 제공 - 문구: 골프장에 방문한 일별 내장객수와 스마트스코어 회원수, 출력량, 출력률 등을 확인하고 엑셀로 다운로드할 수 있습니다. 90일 동안의 기록만 확인 가능합니다. 스마트스코어 회원이 어플로 라운드를 전송받는 경우, 해당 회원정보(성별, 연령, 지역)를 골프장에서 타겟마케팅의 목적으로 활용할 수 있습니다. 내장객에게 스마트스코어 어플을 추천하고, 라운드기록을 전송받을 수 있도록 안내해 주세요. | J4: 내장 현황 | K4: PASS
A5: =COUNTA($I$3:$I5) -> 3 | B5: 라운드 관리 | C5: 내장 현황 | D5: 도움말 버튼 | F5: 도움말 버튼 | H5: 1. [도움말] 버튼 선택 | I5: 1. 도움말 제공 - 문구: 스마트스코어가 보유한 전국골프장의 내장/라운드 데이타를 제공하여 골프장의 매출증대에 활용하실 수 있는 서비스를 제공받으실 수 있습니다. | J5: 내장 현황 | K5: PASS
A6: =COUNTA($I$3:$I6) -> 4 | B6: 라운드 관리 | C6: 내장 현황 | D6: 데이터 마케팅 바로가기 | F6: 데이터 마케팅 바로가기 버튼 | H6: 1. [데이터 마케팅 바로가기] 버튼 선택 | I6: 1. 데이터 마케팅 화면이 새 탭/창으로 오픈 2. 현재 내장 현황 화면은 유지 | J6: 내장 현황 | K6: PASS
A7: =COUNTA($I$3:$I7) -> 5 | B7: 라운드 관리 | C7: 내장 현황 | D7: 테이블 | F7: 제공정보 | H7: 1. 테이블 영역 확인 | I7: 1. 내장 현황 테이블 제공 2. 테이블 컬럼 - 날짜 / 총 내장객 / 내장객 남여 / 유효 내장객 / 기존 SS회원 / 신규 SS회원 / 일일 SS회원 / SS회원 비율 / 출력 횟수 / 출력률 | J7: 내장 현황 | K7: PASS | L7: https://smartscoretech.atlassian.net/browse/QA-14831
A8: =COUNTA($I$3:$I8) -> 6 | B8: 라운드 관리 | C8: 내장 현황 | D8: 테이블 | F8: 정렬 및 조회 기간 | G8: 1. 내장 현황 데이터 90일 이내 존재 | H8: 1. 테이블 영역 2. 날짜 컬럼 및 정렬 순서 확인 | I8: 1. 날짜 내림차순(최신순) 정렬 2. 최근 90일 이내 데이터만 표시됨 | J8: 내장 현황 | K8: PASS
A9: =COUNTA($I$3:$I9) -> 7 | B9: 라운드 관리 | C9: 내장 현황 | D9: 테이블 | G9: 1. 내장 현황 데이터 90일 이전 존재 | H9: 1. 테이블 영역 확인 | I9: 1. 91일 이전 데이터 미노출 | J9: 내장 현황 | K9: PASS
A10: =COUNTA($I$3:$I10) -> 8 | B10: 라운드 관리 | C10: 내장 현황 | D10: 테이블 | F10: 총 내장객 | H10: 1. 총 내장객 영역 확인 | I10: 1. 해당일자의 총 내장객 정보 제공 2. 회원 여부 상관 없이 제공 | J10: 내장 현황 | K10: PASS | M10: 로드힐즈에서 확인
A11: =COUNTA($I$3:$I11) -> 9 | B11: 라운드 관리 | C11: 내장 현황 | D11: 테이블 | F11: 내장객 남/여 | G11: 1. 당일 남/여 내장객 각 1명 이상 존재 | H11: 1. 내장객 남/여 영역 확인 | I11: 1. 남/여 내장객 수 정상 표시됨 2. 남+여 합산 = 해당일 총 내장객 수 | J11: 내장 현황 | K11: PASS | M11: 로드힐즈에서 확인 | N11: 태블릿 성별을 가져옴
A12: =COUNTA($I$3:$I12) -> 10 | B12: 라운드 관리 | C12: 내장 현황 | D12: 테이블 | F12: 유효 내장객 | G12: 1. 회원/비회원 - 18 홀 완료 내장객 존재 - 18 홀 미완료 내장객 존재 | H12: 1. 유효 내장객 영역 확인 | I12: 1. 18홀 완료한 내장객 수 제공 | J12: 내장 현황 | K12: PASS | L12: https://smartscoretech.atlassian.net/browse/QA-14844 | M12: 6/2 로드힐즈에서 확인
A13: =COUNTA($I$3:$I13) -> 11 | B13: 라운드 관리 | C13: 내장 현황 | D13: 테이블 | F13: 기존 SS회원 | H13: 1. 기존 SS회원 영역 확인 | I13: 1. 기존 스마트스코어 회원 수 제공 | J13: 내장 현황 | K13: PASS | M13: 로드힐즈에서 확인
A14: =COUNTA($I$3:$I14) -> 12 | B14: 라운드 관리 | C14: 내장 현황 | D14: 테이블 | F14: 신규 SS회원 | H14: 1. 신규 SS회원 영역 확인 | I14: 1. 해당일 신규로 스마트스코어 가입한 회원 수 제공 | J14: 내장 현황 | K14: PASS | L14: https://smartscoretech.atlassian.net/browse/QA-14844 | M14: 6/2 로드힐즈에서 확인
A15: =COUNTA($I$3:$I15) -> 13 | B15: 라운드 관리 | C15: 내장 현황 | D15: 테이블 | F15: 일일 SS회원 | H15: 1. 일일 SS회원 영역 확인 | I15: 1. 해당일 기준 기존 스마트스코어 회원 + 신규 스마트스코어 회원 수 제공 | J15: 내장 현황 | K15: PASS | L15: https://smartscoretech.atlassian.net/browse/QA-14844 | M15: 6/2 로드힐즈에서 확인
A16: =COUNTA($I$3:$I16) -> 14 | B16: 라운드 관리 | C16: 내장 현황 | D16: 테이블 | F16: SS회원 비율 | G16: 1. 유효내장객, 기존SS회원, 신규SS회원 데이터 존재 | H16: 1. SS 회원 비율 영역 확인 | I16: 1. SS회원 비율 = (기존SS회원+신규SS회원)/유효내장객×100 | J16: 내장 현황 | K16: PASS | M16: 반올림?
A17: =COUNTA($I$3:$I17) -> 15 | B17: 라운드 관리 | C17: 내장 현황 | D17: 테이블 | F17: 출력 횟수 | H17: 1. 출력 횟수 영역 확인 | I17: 1. 스코어카드 출력 횟수 제공 | J17: 내장 현황 | K17: PASS | M17: 6/2 킹즈락 데이터 확인
A18: =COUNTA($I$3:$I18) -> 16 | B18: 라운드 관리 | C18: 내장 현황 | D18: 테이블 | F18: 출력률 | G18: 1. 유효내장객, 출력횟수 데이터 존재 | H18: 1. 출력률 영역 확인 | I18: 1. 출력률 = (출력횟수/유효내장객)×100 | J18: 내장 현황 | K18: PASS | L18: https://smartscoretech.atlassian.net/browse/QA-14831 | M18: 비노출
A19: =COUNTA($I$3:$I19) -> 17 | B19: 라운드 관리 | C19: 내장 현황 | D19: 내보내기 | F19: 내보내기 | G19: 1. 내장 현황 데이터 1건 이상 존재 | H19: 1. [내보내기] 버튼 선택 | I19: 1. 엑셀 파일 다운로드됨 2. 파일 내 컬럼 구성이 화면 테이블과 일치함 3. 최근 90일 기록 전체 포함됨 | J19: 내장 현황 | K19: PASS
A20: =COUNTA($I$3:$I20) -> 18 | B20: 라운드 관리 | C20: 내장 통계 | F20: 제공정보 | G20: 관제 어드민 로그인 완료 | H20: 1. 라운드 관리 2. 내장 통계 선택 | I20: 1. 내장 통계 설명 영역 제공 - [데이터 마케팅 바로가기] 버튼 노출 2. 조회 기간 선택 영역 노출됨 - [초기화][적용] 버튼 제공 3. 카드 요약 영역 제공 4. 필터 버튼 제공 5. 일별 내장 통계 테이블 영역 제공 | J20: 내장 통계 | K20: PASS
A21: =COUNTA($I$3:$I22) -> 20 | B21: 라운드 관리 | C21: 내장 통계 | E21: - | F21: 내장 통계 설명 | H21: 1. 내장 통계 설명 확인 | I21: 1. 내장 통계 설명 제공 - 문구: 스마트스코어 회원이 내장하여 라운드기록을 전송받는 경우, 골프장에서는 해당 회원의 정보를 활용하여 타겟마케팅이 가능합니다. 스마트스코어 회원이 라운드기록을 전송받은 데이타에 근거하여 골프장 내장객의 성격과 추이를 확인할 수 있습니다. | J21: 내장 통계 | K21: PASS
A22: =COUNTA($I$3:$I22) -> 20 | B22: 라운드 관리 | C22: 내장 통계 | D22: 데이터 마케팅 바로가기 | F22: 데이터 마케팅 바로가기 버튼 | H22: 1. [데이터 마케팅 바로가기] 버튼 선택 | I22: 1. 데이터 마케팅 화면이 새 탭/창으로 오픈 2. 현재 내장 현황 화면은 유지 | J22: 내장 통계 | K22: PASS
A23: =COUNTA($I$3:$I23) -> 21 | B23: 라운드 관리 | C23: 내장 통계 | D23: 검색 영역 | E23: - | F23: 조회기간 기본값 | H23: 1. 조회기간 영역 확인 | I23: 1. 기간 자동 세팅 제공 - 기본값: 과거 30일 전 ~ 현재일 | J23: 내장 통계 | K23: FAIL | L23: https://smartscoretech.atlassian.net/browse/QA-14840 | M23: 데이터가 있는 날 ~ 오늘 날로 제공
A24: =COUNTA($I$3:$I24) -> 22 | B24: 라운드 관리 | C24: 내장 통계 | D24: 검색 영역 | F24: 조회기간 적용 | H24: 1. 조회기간 영역 선택 | I24: 1. 데이트 피커 제공 | K24: PASS
A25: =COUNTA($I$3:$I25) -> 23 | B25: 라운드 관리 | C25: 내장 통계 | D25: 검색 영역 | H25: 1. 조회기간 영역 2. 기간 설정 3. [적용] 버튼 선택 | I25: 1. 설정 기간 기준 전체 영역 갱신 - 요약 카드 - 일별 내장 통계 테이블 | J25: 내장 통계 | K25: PASS
A26: =COUNTA($I$3:$I26) -> 24 | B26: 라운드 관리 | C26: 내장 통계 | D26: 검색 영역 | F26: 조회기간 경계값 | G26: 1. 조회 기간 1년 설정 - 364일 | H26: 1. 조회기간 영역 2. 기간 설정 3. [적용] 버튼 선택 | I26: 1. 설정 기간 기준 전체 영역 갱신 - 요약 카드 - 일별 내장 통계 테이블 | J26: 내장 통계 | K26: PASS
A27: =COUNTA($I$3:$I27) -> 25 | B27: 라운드 관리 | C27: 내장 통계 | D27: 검색 영역 | G27: 1. 조회 기간 1년 설정 - 365일 | H27: 1. 조회기간 영역 2. 기간 설정 3. [적용] 버튼 선택 | I27: 1. 설정 기간 기준 전체 영역 갱신 - 요약 카드 - 일별 내장 통계 테이블 | J27: 내장 통계 | K27: PASS
A28: =COUNTA($I$3:$I28) -> 26 | B28: 라운드 관리 | C28: 내장 통계 | D28: 검색 영역 | G28: 1. 조회 기간 1년 초과 설정 - 366일 | H28: 1. 조회기간 영역 2. 기간 설정 3. [적용] 버튼 선택 | I28: 1. 조회 불가 얼럿 제공 - 문구: 최대 조회 가능 기간은 1년입니다. | J28: 내장 통계 | K28: PASS | L28: https://smartscoretech.atlassian.net/browse/QA-14841 | M28: 오류 메시지 표시?
A29: =COUNTA($I$3:$I29) -> 27 | B29: 라운드 관리 | C29: 내장 통계 | D29: 검색 영역 | F29: 조회 기간 역순 | G29: 1. 조회 기간 역순 설정 - 시작일 > 종료일 | H29: 1. 조회기간 영역 2. 기간 설정 3. [적용] 버튼 선택 | I29: 1. 날짜 선택 제한 처리됨 | J29: 내장 통계 | K29: PASS | M29: 오류 메시지 표시?
A30: =COUNTA($I$3:$I30) -> 28 | B30: 라운드 관리 | C30: 내장 통계 | D30: 검색 영역 | F30: 초기화 | H30: 1. 조회기간 영역 2. 기간 설정 3. [초기화] 버튼 선택 | I30: 1. 설정한 기간이 초기화되어 기본값으로 제공 됨 | J30: 내장 통계 | K30: N/T | L30: https://smartscoretech.atlassian.net/browse/QA-14840 | M30: 요약카드, 테이블 모두?
A31: =COUNTA($I$3:$I31) -> 29 | B31: 라운드 관리 | C31: 내장 통계 | D31: 카드 요약 | F31: 제공 정보 | H31: 1. 카드 요약 영역확인 | I31: 1. 3개 카드 제공 - 총 스스회원 내장객 - 일 평균 스스 회원수 - 남성/여성 비중 | J31: 내장 통계 | K31: PASS
A32: =COUNTA($I$3:$I32) -> 30 | B32: 라운드 관리 | C32: 내장 통계 | D32: 카드 요약 | F32: 총 스스 회원 내장객 | H32: 1. 총 스스 회원 내장객 영역 확인 | I32: 1. 조회기간 내 스코어 전송한 스스 회원 합계 표시 - 타이틀: 총 스스 회원 내장객 - 서브 라벨: 조회기간 기준 합계 | J32: 내장 통계 | K32: PASS | M32: 스코어 전송을 안한 회원도 포함일수도..
A33: =COUNTA($I$3:$I33) -> 31 | B33: 라운드 관리 | C33: 내장 통계 | D33: 카드 요약 | G33: 1. 조회 기간 내 동일인이 2회 이상 라운드 | H33: 1. 총 스스 회원 내장객 영역 확인 | I33: 1. 해당 회원은 1명으로 카운팅 | J33: 내장 통계 | K33: PASS | L33: https://smartscoretech.atlassian.net/browse/QA-14879 | M33: 6/2 로드힐스/한지연으로 확인
A34: =COUNTA($I$3:$I34) -> 32 | B34: 라운드 관리 | C34: 내장 통계 | D34: 카드 요약 | F34: 일평균 스스 회원수 | H34: 1. 일평균 스스 회원수 영역 확인 | I34: 1. 총 스스 회원 내장객 수 ÷ 조회기간 일수 계산값 표시 - 타이틀: 일평균 스스 회원수 - 라벨: n일 평균 | J34: 내장 통계 | K34: PASS | L34: https://smartscoretech.atlassian.net/browse/QA-14849
A35: =COUNTA($I$3:$I35) -> 33 | B35: 라운드 관리 | C35: 내장 통계 | D35: 카드 요약 | F35: 남성/여성 비중 | H35: 1. 남성/여성 비중 영역 확인 | I35: 1. 조회 기간 내 총 스스 회원 내장객의 남성/여성을 비율로 표시 - 타이틀: 남성/여성 비중 - 서브라벨: 스스 회원 기준 | J35: 내장 통계 | K35: PASS | N35: 개인앱 성별 가져옴
A36: =COUNTA($I$3:$I36) -> 34 | B36: 라운드 관리 | C36: 내장 통계 | D36: 카드 요약 | G36: 1. 성별 미입력 내장객: Y | H36: 1. 남성/여성 비중 영역 확인 | I36: 1. 남성/여성 비중에 반영되지 않음 | J36: 내장 통계 | K36: PASS | M36: 6/2 로드힐스 확인
A37: =COUNTA($I$3:$I37) -> 35 | B37: 라운드 관리 | C37: 내장 통계 | D37: 필터 버튼 | F37: 제공정보 | H37: 1. 필터 버튼 영역 확인 | I37: 1. 필터 버튼 제공 - [전체보기] (디폴트) - [성별만 보기] - [연령별만 보기] | J37: 내장 통계 | K37: PASS
A38: =COUNTA($I$3:$I38) -> 36 | B38: 라운드 관리 | C38: 내장 통계 | D38: 필터 버튼 | F38: [전체보기] 버튼 | H38: 1. [전체보기] 버튼 선택 2. 일별 내장 통계 테이블 확인 | I38: 1. [전체보기] 버튼 기본 활성화 상태 2. 일자, 스스 회원수, 성별(남자/여자/기타), 연령별 컬럼 표시 | J38: 내장 통계 | K38: PASS
A39: =COUNTA($I$3:$I39) -> 37 | B39: 라운드 관리 | C39: 내장 통계 | D39: 필터 버튼 | F39: [성별만 보기] 버튼 | H39: 1. [성별만 보기] 버튼 선택 2. 일별 내장 통계 테이블 확인 | I39: 1. [성별만 보기] 버튼 기본 활성화 상태 2. 일자, 스스 회원수, 남자, 여자, 기타 컬럼만 표시 | J39: 내장 통계 | K39: PASS
A40: =COUNTA($I$3:$I40) -> 38 | B40: 라운드 관리 | C40: 내장 통계 | D40: 필터 버튼 | F40: [연령별만 보기] 탭 전환 시 컬럼 변경 | H40: 1. [연령별만 보기] 버튼 선택 2. 일별 내장 통계 테이블 확인 | I40: 1. [연령별만 보기] 활성화 2. 일자, 스스 회원수, 연령별 (~10, 11~20, 21~30, 31~40, 41~50, 51~60, 61~70, 71~80, 81~90, 90~, 기타) 컬럼만 표시 | J40: 내장 통계 | K40: PASS
A41: =COUNTA($I$3:$I41) -> 39 | B41: 라운드 관리 | C41: 내장 통계 | D41: 필터 버튼 | F41: 탭 전환 시 데이터 값 유지 확인 | H41: 1. 조회기간 설정 후 [검색] 2. [전체보기] 수치 기록 3. [성별만 보기] → [연령별만 보기] 순 전환 | I41: 1. 탭 전환 시 조회기간·데이터 값 변경 없음 - 컬럼 표시/숨김만 변경, 재조회 없음 | J41: 내장 통계 | K41: PASS
A42: =COUNTA($I$3:$I42) -> 40 | B42: 라운드 관리 | C42: 내장 통계 | D42: 일별 내장 통계 테이블 | F42: 테이블 안내 문구 원문 확인 | H42: 1. 테이블 섹션 제목 및 설명 확인 | I42: 1. 타이틀: 일별 내장 통계 테이블 - 문구: 스스 회원수, 성별, 연령별, 지역별 내장 통계를 일자 기준으로 제공합니다. 성별, 연령별의 [기타] 값은 스마트스코어 회원 가입 시 미입력한 회원들의 숫자입니다. | J42: 내장 통계 | K42: PASS
A43: =COUNTA($I$3:$I43) -> 41 | B43: 라운드 관리 | C43: 내장 통계 | D43: 일별 내장 통계 테이블 | F43: 제공정보 | G43: 1. [전체보기] 탭 선택 상태 - 기본값 | H43: 1. 일별 내장 통계 테이블 확인 | I43: 1. 전체보기 기준 일별 내장 통계 제공 - 일자, 스스 회원수, 성별, 연령별 - 성별 하위: 남자, 여자, 기타 - 연령별 하위: ~10, 11~20, 21~30, 31~40, 41~50, 51~60, 61~70, 71~80, 81~90, 90~, 기타 | J43: 내장 통계 | K43: PASS | L43: https://smartscoretech.atlassian.net/browse/QA-14863 | M43: 연령>기타 비노출
A44: =COUNTA($I$3:$I44) -> 42 | B44: 라운드 관리 | C44: 내장 통계 | D44: 일별 내장 통계 테이블 | F44: 스스 회원 수 | H44: 1. 스스 회원 수 영역 확인 | I44: 1. 조회 기간 내 스마트스코어 회원 내장객 수 제공 | J44: 내장 통계 | K44: PASS | L44: https://smartscoretech.atlassian.net/browse/QA-14846 https://smartscoretech.atlassian.net/browse/QA-14881 | M44: 재확인 필요
A45: =COUNTA($I$3:$I45) -> 43 | B45: 라운드 관리 | C45: 내장 통계 | D45: 일별 내장 통계 테이블 | F45: 성별 | H45: 1. 성별 영역 확인 | I45: 1. 조회 기간 내 총 스스 회원 내장객의 남성/여성/기타 수 제공 - 기타: 성별 미선택 회원 | J45: 내장 통계 | K45: PASS | M45: 6/2 로드힐스 확인
A46: =COUNTA($I$3:$I46) -> 44 | B46: 라운드 관리 | C46: 내장 통계 | D46: 일별 내장 통계 테이블 | G46: 1. 성별 미선택 회원: Y | H46: 1. 성별 영역 2. 기타 영역 확인 | I46: 1. 성별 미선택 회원이 해당 영역에 카운팅되어 제공 | J46: 내장 통계 | K46: PASS | L46: https://smartscoretech.atlassian.net/browse/QA-14865 | M46: 6/2 로드힐스 확인
A47: =COUNTA($I$3:$I47) -> 45 | B47: 라운드 관리 | C47: 내장 통계 | D47: 일별 내장 통계 테이블 | H47: 1. 성별 영역 2. 남자+여자+기타 회원수 합계 확인 | I47: 1. 남자 + 여자 + 기타 = 해당 일자 스스 회원수와 일치 | J47: 내장 통계 | K47: PASS | M47: 6/2 로드힐스 확인
A48: =COUNTA($I$3:$I48) -> 46 | B48: 라운드 관리 | C48: 내장 통계 | D48: 일별 내장 통계 테이블 | F48: 연령별 | H48: 1. 연령별 영역 확인 | I48: 1. 조회 기간 내 연령별 스스 회원 내장객 수 제공 - 기타: 연령 미설정 회원 | J48: 내장 통계 | K48: PASS | M48: 6/2 로드힐스 확인
A49: =COUNTA($I$3:$I49) -> 47 | B49: 라운드 관리 | C49: 내장 통계 | D49: 일별 내장 통계 테이블 | G49: 1. 연령 미설정 회원: Y | H49: 1. 연령별 영역 2. 기타 영역 확인 | I49: 1. 연령 미설정 회원이 해당 영역에 카운팅되어 제공 | J49: 내장 통계 | K49: PASS | L49: https://smartscoretech.atlassian.net/browse/QA-14865 | M49: 6/2 로드힐스 확인
A50: =COUNTA($I$3:$I50) -> 48 | B50: 라운드 관리 | C50: 내장 통계 | D50: 일별 내장 통계 테이블 | H50: 1. 연령별 영역 2. 전 연령대 합계 확인 | I50: 1. 전 연령대 합계 = 해당 일자 스스 회원수와 일치 | J50: 내장 통계 | K50: PASS | M50: 6/2 로드힐스 확인
A51: =COUNTA($I$3:$I51) -> 49 | B51: 라운드 관리 | C51: 내장 통계 | D51: 일별 내장 통계 테이블 | F51: 데이터 미노출 시 문구 | H51: 1. 데이터 없는 기간 설정 후 [검색] 2. 테이블 영역 확인 | I51: 1. 통계 데이터 미노출 - 문구: 통계 데이터가 없습니다. | J51: 내장 통계 | K51: PASS | L51: https://smartscoretech.atlassian.net/browse/QA-14854
A52: =COUNTA($I$3:$I52) -> 50 | B52: 라운드 관리 | C52: 내장 통계 | D52: 일별 내장 통계 테이블 | F52: 내보내기 | G52: 1. [전체보기] 탭 선택 상태 - 기본값 | H52: 1. [내보내기] 버튼 선택 | I52: 1. 엑셀 파일 다운로드 2. 파일 내 컬럼 구성이 화면 테이블과 일치함 | J52: 내장 통계 | K52: PASS
A53: =COUNTA($I$3:$I53) -> 51 | B53: 라운드 관리 | C53: 내장 통계 | D53: 일별 내장 통계 테이블 | G53: 1. 데이터 없는 기간 조회 완료 | H53: 1. [내보내기] 버튼 선택 | I53: 1. 내보내기 동작 되지 않음 | J53: 내장 통계 | K53: PASS
A54: =COUNTA($I$3:$I54) -> 52 | B54: 라운드 관리 | C54: 내장 통계 | D54: 일별 내장 통계 테이블 | H54: 1. [성별만 보기] 버튼 선택 2. [내보내기] 버튼 선택 3. 다운로드 파일 컬럼 확인 | I54: 1. 일자, 스스 회원수, 남자, 여자, 기타 컬럼 및 해당 통계 데이터만 표시 | J54: 내장 통계 | K54: PASS | L54: https://smartscoretech.atlassian.net/browse/QA-14856
A55: =COUNTA($I$3:$I55) -> 53 | B55: 라운드 관리 | C55: 내장 통계 | D55: 일별 내장 통계 테이블 | H55: 1. [연령별만 보기] 버튼 선택 2. [내보내기] 버튼 선택 3. 다운로드 파일 컬럼 확인 | I55: 1. 일자, 스스 회원수, 연령별 (~10, 11~20, 21~30, 31~40, 41~50, 51~60, 61~70, 71~80, 81~90, 90~, 기타) 컬럼 및 해당 데이터만 표시 | J55: 내장 통계 | K55: PASS | L55: https://smartscoretech.atlassian.net/browse/QA-14856
A56: =COUNTA($I$3:$I56) -> 54 | B56: 라운드 관리 | C56: 전체 라운드 | F56: 제공정보 | H56: 1. 라운드 관리 2. 전체 라운드 선택 | I56: 1. 전체 라운드 설명 영역 제공 - 안내 문구 노출 2. 검색 영역 제공 3. 전체라운드 테이블 영역 제공 | J56: 전체 라운드 | K56: PASS
A57: =COUNTA($I$3:$I57) -> 55 | B57: 라운드 관리 | C57: 전체 라운드 | F57: 전제 라운드 설명 | H57: 1. 라운드 관리 설명 영역 확인 | I57: 1. 안내 문구 제공 - 문구: 태블릿에서 전송된 골프장의 모든 라운드가 기록되며 라운드 상세정보를 관리할 수 있습니다. 라운드 정보 및 클럽체크, 확인서는 90일간 보관됩니다. 단, 고객촬영으로 촬영한 내장객 사진은 1일간만 보관됩니다. | J57: 전체 라운드 | K57: PASS
A58: =COUNTA($I$3:$I58) -> 56 | B58: 라운드 관리 | C58: 전체 라운드 | D58: 검색 영역 | F58: 제공정보 | H58: 1. 검색 영역 확인 | I58: 1. 조회일 영역 제공 2. 검색어 입력 필드 제공 - 내장객 / 캐디명 / 디바이스 / 단체팀 / 카트번호 3. [초기화][적용] 버튼 제공 | J58: 전체 라운드 | K58: PASS
A59: =COUNTA($I$3:$I59) -> 57 | B59: 라운드 관리 | C59: 전체 라운드 | D59: 검색 영역 | F59: 조회일 | H59: 1. 조회일 영역 확인 | I59: 1. 조회일 기본값 제공 - 기본값: 30일 전 ~ 현재일 | J59: 전체 라운드 | K59: N/T | L59: https://smartscoretech.atlassian.net/browse/QA-14840 | M59: 확인 필요
A60: =COUNTA($I$3:$I60) -> 58 | B60: 라운드 관리 | C60: 전체 라운드 | D60: 검색 영역 | F60: 조회일 적용 | H60: 1. 조회일 영역 선택 | I60: 1. 데이트 피커 제공 | J60: 전체 라운드 | K60: PASS
A61: =COUNTA($I$3:$I61) -> 59 | B61: 라운드 관리 | C61: 전체 라운드 | D61: 검색 영역 | H61: 1. 조회일 영역 2. 기간 설정 3. [적용] 버튼 선택 | I61: 1. 설정 기간 기준 테이블 데이터 갱신되어 제공 | J61: 전체 라운드 | K61: PASS
A62: =COUNTA($I$3:$I62) -> 60 | B62: 라운드 관리 | C62: 전체 라운드 | D62: 검색 영역 | F62: 조회일 경계값 | G62: 1. 조회일 1년 설정 - 364일 | H62: 1. 조회일 영역 2. 기간 설정 3. [적용] 버튼 선택 | I62: 1. 설정 기간 기준 테이블 데이터 갱신되어 제공 | J62: 전체 라운드 | K62: PASS
A63: =COUNTA($I$3:$I63) -> 61 | B63: 라운드 관리 | C63: 전체 라운드 | D63: 검색 영역 | G63: 1. 조회일 1년 설정 - 365일 | H63: 1. 조회일 영역 2. 기간 설정 3. [적용] 버튼 선택 | I63: 1. 설정 기간 기준 테이블 데이터 갱신되어 제공 | J63: 전체 라운드 | K63: PASS
A64: =COUNTA($I$3:$I64) -> 62 | B64: 라운드 관리 | C64: 전체 라운드 | D64: 검색 영역 | G64: 1. 조회일 1년 초과 설정 - 366일 | H64: 1. 조회일 영역 2. 기간 설정 3. [적용] 버튼 선택 | I64: 1. 조회 불가 얼럿 제공 - 문구: 최대 조회 가능 기간은 1년입니다. | J64: 전체 라운드 | K64: PASS | M64: 오류 메시지 표시?
A65: =COUNTA($I$3:$I65) -> 63 | B65: 라운드 관리 | C65: 전체 라운드 | D65: 검색 영역 | F65: 조회일 역순 | G65: 1. 조회일 역순 설정 - 시작일 > 종료일 | H65: 1. 조회일 영역 2. 기간 설정 3. [적용] 버튼 선택 | I65: 1. 날짜 선택 제한 처리됨 | J65: 전체 라운드 | K65: PASS | M65: 오류 메시지 표시?
A66: =COUNTA($I$3:$I66) -> 64 | B66: 라운드 관리 | C66: 전체 라운드 | D66: 검색 영역 | F66: 내장객 검색 | H66: 1. 내장객 검색필드 입력 2. [적용] 버튼 선택 | I66: 1. 입력값이 포함된 내장객명 행만 테이블에 표시됨 | J66: 전체 라운드 | K66: PASS | M66: 현재 2자 이상입력해야 검색 됨 입력제한 없음
A67: =COUNTA($I$3:$I67) -> 65 | B67: 라운드 관리 | C67: 전체 라운드 | D67: 검색 영역 | F67: 캐디명 검색 | H67: 1. 캐디명 검색필드 입력 2. [적용] 버튼 선택 | I67: 1. 입력값이 포함된 캐디명 행만 테이블에 표시됨 | J67: 전체 라운드 | K67: PASS
A68: =COUNTA($I$3:$I68) -> 66 | B68: 라운드 관리 | C68: 전체 라운드 | D68: 검색 영역 | F68: 디바이스 검색 | H68: 1. 디바이스 검색필드 입력 2. [적용] 버튼 선택 | I68: 1. 입력값이 포함된 디바이스 행만 테이블에 표시됨 | J68: 전체 라운드 | K68: PASS
A69: =COUNTA($I$3:$I69) -> 67 | B69: 라운드 관리 | C69: 전체 라운드 | D69: 검색 영역 | F69: 단체명 검색 | H69: 1. 단체명 검색필드 입력 2. [적용] 버튼 선택 | I69: 1. 입력값이 포함된 단체명 행만 테이블에 표시됨 | J69: 전체 라운드 | K69: PASS
A70: =COUNTA($I$3:$I70) -> 68 | B70: 라운드 관리 | C70: 전체 라운드 | D70: 검색 영역 | F70: 카트번호 검색 | H70: 1. 카트번호 검색필드 입력 2. [적용] 버튼 선택 | I70: 1. 입력값이 포함된 카트번호 행만 테이블에 표시됨 | J70: 전체 라운드 | K70: PASS
A71: =COUNTA($I$3:$I71) -> 69 | B71: 라운드 관리 | C71: 전체 라운드 | D71: 검색 영역 | F71: 복합 검색 | H71: 1. 조회일 범위 설정 2. 모든 검색 필드 입력 3. [적용] 버튼 선택 | I71: 1. 조회일 범위 검색 조건이 모두 적용된 결과만 표시됨 | J71: 전체 라운드 | K71: PASS
A72: =COUNTA($I$3:$I72) -> 70 | B72: 라운드 관리 | C72: 전체 라운드 | D72: 검색 영역 | F72: [초기화] 버튼 | H72: 1. 검색 조건 임의 입력 2. [초기화] 버튼 선택 | I72: 1. 모든 검색 필드가 기본값으로 초기화됨 - 조회일: 30일 전 ~ 현재일 - 나머지 필드: 공란 | J72: 전체 라운드 | K72: N/T | M72: 조회기간 확인 필요
A73: =COUNTA($I$3:$I73) -> 71 | B73: 라운드 관리 | C73: 전체 라운드 | D73: 검색 영역 | F73: 데이터 미노출 시 문구 | G73: 1. 검색 조건에 없는 검색어 | H73: 1. 조회일 범위 설정 2. 모든 검색 필드 입력 3. [적용] 버튼 선택 | I73: 1. 검색 결과 없음 문구 노출 - 문구: 라운드 기록이 없습니다. | J73: 전체 라운드 | K73: PASS
A74: =COUNTA($I$3:$I74) -> 72 | B74: 라운드 관리 | C74: 전체 라운드 | D74: 테이블 | F74: 제공정보 | H74: 1. 전체 라운드 테이블 영역 확인 | I74: 1. 아래 컬럼 정보 제공 - 순번 - 날짜<디바이스> - 티타임<라운드 번호> - 코스 - 캐디<카트번호> - 진행시간 - 내장객 - 단체명 - 스코어 카드 - 사진 - 클럽사진 - 중대재해 확인서 - 추가 확인서 - 카트 확인서 - 캐디수첩 - 배터리 잔량 - 배터리 경고 | J74: 전체 라운드 | K74: PASS | L74: https://smartscoretech.atlassian.net/browse/QA-14868 | M74: 사진/동영상 제공
A75: =COUNTA($I$3:$I75) -> 73 | B75: 라운드 관리 | C75: 전체 라운드 | D75: 테이블 | F75: 순번 | H75: 1. 순번 컬럼 확인 | I75: 1. 순번이 내림차순(최신순)으로 제공 | J75: 전체 라운드 | K75: PASS
A76: =COUNTA($I$3:$I76) -> 74 | B76: 라운드 관리 | C76: 전체 라운드 | D76: 테이블 | F76: 날짜 <디바이스> | H76: 1. 날짜<디바이스> 컬럼 내용 확인 | I76: 1. 해당 라운드 날짜<디바이스 넘버> 표시 | J76: 전체 라운드 | K76: PASS
A77: =COUNTA($I$3:$I77) -> 75 | B77: 라운드 관리 | C77: 전체 라운드 | D77: 테이블 | F77: 티타임 <라운드 번호> | H77: 1. 티타임<라운드 번호> 컬럼 내용 확인 | I77: 1. 해당 라운드의 티타임<라운드번호> 표시 | J77: 전체 라운드 | K77: PASS
A78: =COUNTA($I$3:$I78) -> 76 | B78: 라운드 관리 | C78: 전체 라운드 | D78: 테이블 | F78: 코스 | H78: 1. 코스 컬럼 내용 확인 | I78: 1. 해당 라운드의 코스 정보 제공 | J78: 전체 라운드 | K78: PASS
A79: =COUNTA($I$3:$I79) -> 77 | B79: 라운드 관리 | C79: 전체 라운드 | D79: 테이블 | F79: 캐디 <카트번호> | H79: 1. 캐디<카트번호> 컬럼 내용 확인 | I79: 1. 해당 라운드의 캐디명<카트번호> 제공 | J79: 전체 라운드 | K79: PASS
A80: =COUNTA($I$3:$I80) -> 78 | B80: 라운드 관리 | C80: 전체 라운드 | D80: 테이블 | G80: 1. 캐디수첩 작성: Y | H80: 1. 캐디<카트번호> 컬럼 내용 확인 | I80: 1. 캐디명이 bold 처리 제공 | J80: 전체 라운드 | K80: PASS
A81: =COUNTA($I$3:$I81) -> 79 | B81: 라운드 관리 | C81: 전체 라운드 | D81: 테이블 | G81: 1.카트번호: N | H81: 1. 캐디<카트번호> 컬럼 내용 확인 | I81: 1. 카트번호 영역 하이픈 노출 | J81: 전체 라운드 | K81: PASS | M81: 내맘대로 씀
A82: =COUNTA($I$3:$I82) -> 80 | B82: 라운드 관리 | C82: 전체 라운드 | D82: 테이블 | H82: 1. 카트번호 영역 선택 | I82: 1. 드롭다운 박스 제공되고 카트번호 선택/수정 됨 | J82: 전체 라운드 | K82: PASS
A83: =COUNTA($I$3:$I83) -> 81 | B83: 라운드 관리 | C83: 전체 라운드 | D83: 테이블 | F83: 진행시간 | G83: 1. 전/후반 라운드 완료 | H83: 1. 진행시간 영역 확인 | I83: 1. 좌측은 코스 시작/종료 시간 표시 - 전반 코스 시작 시간 ~ 종료 시간 - 후반 코스 시작 시간 ~ 종료 시간 2. 우측은 시간의 합 표시 - 전/후반 코스 시간 합 - 라운딩 중 걸린 전체 시간의 합 | J83: 전체 라운드 | K83: PASS
A84: =COUNTA($I$3:$I84) -> 82 | B84: 라운드 관리 | C84: 전체 라운드 | D84: 테이블 | F84: 진행시간 | G84: 1. 전/후반 라운드 미완료 - 전반 코스 진행 중 | H84: 1. 진행시간 영역 확인 | I84: 1. 진행 시간 모두 "?" 로 표시 | J84: 전체 라운드 | K84: PASS
A85: =COUNTA($I$3:$I85) -> 83 | B85: 라운드 관리 | C85: 전체 라운드 | D85: 테이블 | F85: 진행시간 | G85: 1. 전/후반 라운드 미완료 - 전반 코스 완료 후 후반 코스 진행 중 | H85: 1. 진행시간 영역 확인 | I85: 1. 좌측 - 전반 코스 시작 시간 ~ 종료 시간 - 후반코스 영역 "?" 로 표시 2. 우측 - 전반 코스 시간만 표시 - 전체 시간 영역 "?"로 표시 | J85: 전체 라운드
A86: =COUNTA($I$3:$I86) -> 84 | B86: 라운드 관리 | C86: 전체 라운드 | D86: 테이블 | F86: 진행시간 | H86: 1. 진행시간 영역 2. 우측 컬럼 선택 | I86: 1. 전반·후반의 시작/종료 시각을 수정할 수 있는 모달 팝업 제공 | J86: 전체 라운드 | K86: PASS
A87: =COUNTA($I$3:$I87) -> 85 | B87: 라운드 관리 | C87: 전체 라운드 | D87: 테이블 | F87: 진행시간 | H87: 1. 진행시간 영역 2. 우측 컬럼 선택 3. 시작/종료 시각 입력 후 저장 | I87: 1. 우측 컬럼에 입력한 시각에 따른 진행 시간 노출 | J87: 전체 라운드 | K87: PASS
A88: =COUNTA($I$3:$I88) -> 86 | B88: 라운드 관리 | C88: 전체 라운드 | D88: 테이블 | F88: 내장객 | H88: 1. 내장객 영역 확인 | I88: 1. 내장객 이름 제공 | J88: 전체 라운드 | K88: PASS
A89: =COUNTA($I$3:$I89) -> 87 | B89: 라운드 관리 | C89: 전체 라운드 | D89: 테이블 | F89: 내장객 | H89: 1. 내장객 컬럼 선택 | I89: 1. 해당 행의 내장객 수정 팝업 노출 - 내장객 정보 제공 - [취소][저장] 버튼 제공(취소 선택 시 해당 팝업 닫힘) | J89: 전체 라운드 | K89: PASS
A90: =COUNTA($I$3:$I90) -> 88 | B90: 라운드 관리 | C90: 전체 라운드 | D90: 테이블 | F90: 내장객 | H90: 1. 내장객 수정 팝업 확인 | I90: 1. 내장객 정보 제공 - 성명(수정 불가) - 성별(남자/여자 선택 드롭다운 박스 제공) - 출력(Y/N/A 선택 드롭다운 박스 제공) - 전화(뒷자리만 제공, 없을 경우 X - 회원이름(스스회원 실명, 비회원 경우 공란 - 캐디(캐디 선택 드롭다운 박스 제공) | J90: 전체 라운드 | K90: FAIL | L90: https://smartscoretech.atlassian.net/browse/QA-14870
A91: =COUNTA($I$3:$I91) -> 89 | B91: 라운드 관리 | C91: 전체 라운드 | D91: 테이블 | F91: 내장객 | H91: 1. 내장객 수정 팝업 2. 내장객 정보 수정 3. [저장] | I91: 1. 변경 정보 저장 됨 | J91: 전체 라운드 | K91: FAIL | M91: 캐디 정보 변경되지 않음
A92: =COUNTA($I$3:$I92) -> 90 | B92: 라운드 관리 | C92: 전체 라운드 | D92: 테이블 | F92: 단체명 | H92: 1. 단체명 영역 확인 | I92: 1. 단체명 노출 영역 제공 - 단체명이 있는 경우 단체명 제공 - 단체명이 없을 경우 하이픈(-) 제공 2. [수정] 버튼 제공 | J92: 전체 라운드 | K92: PASS | L92: https://smartscoretech.atlassian.net/browse/QA-14871 | M92: 기획과 상이하게 구현
A93: =COUNTA($I$3:$I93) -> 91 | B93: 라운드 관리 | C93: 전체 라운드 | D93: 테이블 | F93: 단체명 [수정] 버튼 | H93: 1. 단체명 영역 확인 2. [수정] 버튼 선택 | I93: 1. 단체명 수정 팝업 노출 - 문구: 선택한 란운드의 단체명을 수정합니다. 저장 시 해당 행의 단체명만 변경됩니다. - 날짜, 티타임, 코스, 단제명 입력필드 제공 - [취소][저장][닫기] 버튼 표시 | J93: 전체 라운드 | K93: N/T
A94: =COUNTA($I$3:$I94) -> 92 | B94: 라운드 관리 | C94: 전체 라운드 | D94: 테이블 | F94: 단체명 [수정] 버튼 | H94: 1. 단체명 수정 팝업 2. 단체명 입력 | I94: 1. 100자 까지만 입력 됨 | J94: 전체 라운드 | K94: N/T
A95: =COUNTA($I$3:$I95) -> 93 | B95: 라운드 관리 | C95: 전체 라운드 | D95: 테이블 | F95: 단체명 수정 | G95: 1. 단체명: N | H95: 1. 단체명 수정 팝업 2. 단체명 입력 3. [저장] 버튼 선택 | I95: 1. 해당 팝업 닫히고 단체명 컬럼에 입력한 단체명 노출 | J95: 전체 라운드 | K95: N/T
A96: =COUNTA($I$3:$I96) -> 94 | B96: 라운드 관리 | C96: 전체 라운드 | D96: 테이블 | F96: 단체명 수정 | G96: 1. 단체명: Y | H96: 1. 단체명 수정 팝업 2. 단체명 수정 입력 3. [저장] 버튼 선택 | I96: 1. 해당 팝업 닫히고 단체명 컬럼에 수정한 단체명 노출 | J96: 전체 라운드 | K96: N/T
A97: =COUNTA($I$3:$I97) -> 95 | B97: 라운드 관리 | C97: 전체 라운드 | D97: 테이블 | F97: 스코어 카드 | H97: 1. 스코어 카드 영역 확인 | I97: 1. 라운드 종료 후 테블릿에서 전체결과 전송한 경우 [스코어] 버튼 노출 2. 라운드 진행중일 경우 [Live] 버튼 노출 - 스코어 1개 이상 입력 된 상태 3. 라운드 진행중이지만 스코어 입력 전일 경우 [삭제] 버튼 노출 | J97: 전체 라운드 | K97: PASS
A98: =COUNTA($I$3:$I98) -> 96 | B98: 라운드 관리 | C98: 전체 라운드 | D98: 테이블 | F98: 스코어 카드 | H98: 1. 스코어 카드 영역 2. [스코어] 버튼 선택 | I98: 1. 라운드 스코어카드 레이어팝업 호출 | J98: 전체 라운드 | K98: PASS
A99: =COUNTA($I$3:$I99) -> 97 | B99: 라운드 관리 | C99: 전체 라운드 | D99: 테이블 | F99: 스코어 카드 | H99: 1. 스코어 카드 영역 2. [Live] 버튼 선택 | I99: 1. 라운드 스코어카드 레이어팝업 호출 | J99: 전체 라운드 | K99: PASS
A100: =COUNTA($I$3:$I100) -> 98 | B100: 라운드 관리 | C100: 전체 라운드 | D100: 테이블 | F100: 스코어 카드 | H100: 1. 스코어 카드 영역 2. [삭제] 버튼 선택 | I100: 1. 삭제 여부 확인 팝업 노출 - 문구: 스코어 카드를 삭제하시겠습니까? 2. 확인 시 해당 라운드 삭제 | J100: 전체 라운드 | K100: PASS
...

Sheet 관제 관리
A1: No. | C1: 화면 | F1: 기능 | G1: 사전 조건 | H1: 절차 | I1: 예상결과 | J1: 기획서 | K1: QA 확인 결과 | L1: JIRA | M1: 비고 | N1: 담당자
B2: 0 dapth | C2: 1 depth | D2: 2 depth | E2: 3 depth
A3: =COUNTA($I$3:$I3) -> 1 | B3: 관제 관리 | C3: 관제 관리 | D3: - | E3: - | F3: 메뉴 확인 | G3: - | H3: 1. 관제 관리 대메뉴 선택 2. 메뉴 구성 확인 | I3: 1. 관제 관리의 메뉴가 제공됨 - 관제 팝업 (QA 제외 항목) - 메시지 기록 조회 - 라이브채팅 공지 조회 - 아이콘 관리 - 라이브채팅 공지 조회 - 카트 이동경로 확인? | J3: 관제 관리 | K3: FAIL | L3: QA-14818 | M3: 문구 수정 필요
A4: =COUNTA($I$3:$I4) -> 2 | B4: 관제 관리 | C4: 메시지 기록 조회 | D4: - | E4: - | F4: 제공 정보 | G4: - | H4: 1. [메시지 기록 조회] 메뉴 진입 2. 제공 정보 확인 | I4: 1. 메시지 기록 조회 메뉴 제공됨(클라우드 UI) - 타이틀 : 메시지 기록 조회 - 안내 문구 영역 - 대화내용 검색 영역 - 대화내용 영역 | J4: 메시지 기록 조회
A5: =COUNTA($I$3:$I5) -> 3 | B5: 관제 관리 | D5: 안내문구 영역 | E5: - | F5: 안내 문구 | G5: - | H5: 1. 안내 문구 확인 | I5: 1. 변경된 안내문구 제공됨 - 문구 : 센터와 태블릿 간의 메시지 기록을 조회할 수 있습니다. 단, 한 달 이내의 메시지 기록만 보관됩니다. | J5: 메시지 기록 조회
A6: =COUNTA($I$3:$I6) -> 4 | B6: 관제 관리 | D6: 대화내용 검색 영역 | E6: - | F6: 대화내용 검색 | G6: 1. 대화 내용 : X | H6: 1. 대화내용 입력 2. [검색] 버튼 선택 | I6: 1. 검색 결과 제공되지 않음 - 문구 : 검색결과가 없습니다. | J6: 메시지 기록 조회
A7: =COUNTA($I$3:$I7) -> 5 | B7: 관제 관리 | E7: - | G7: 1. 대화 내용 : O | H7: 1. 대화내용 입력 2. [검색] 버튼 선택 | I7: 1. 검색한 결과가 제공됨 - 해당 내용이 있는 화면으로 스크롤됨 | J7: 메시지 기록 조회
A8: =COUNTA($I$3:$I8) -> 6 | B8: 관제 관리 | E8: - | G8: 1. 대화 내용 : X | H8: 1. 달력 버튼 선택 2. 대화 내용이 존재하지않는 날짜 선택 | I8: 1. 검색 결과 제공되지 않음 - 문구 : 검색결과가 없습니다. | J8: 메시지 기록 조회
A9: =COUNTA($I$3:$I9) -> 7 | B9: 관제 관리 | E9: - | G9: 1. 대화 내용 : O | H9: 1. 달력 버튼 선택 2. 대화 내용이 존재하는 날짜 선택 | I9: 1. 해당 날짜로 스크롤됨 | J9: 메시지 기록 조회
A10: =COUNTA($I$3:$I10) -> 8 | B10: 관제 관리 | D10: 대화창 영역 | E10: - | F10: 제공 정보 | G10: 1. 대화 내용 : X | H10: 1. 대화창 영역 확인 | I10: 1. 대화창이 제공되지 않음 | J10: 메시지 기록 조회
A11: =COUNTA($I$3:$I11) -> 9 | B11: 관제 관리 | E11: - | G11: 1. 대화 내용 : O | H11: 1. 대화창 영역 확인 | I11: 1. 대화 내용이 제공됨 - yyyy년 mm월 dd일 요일 - To. {대상자} - 대화 내용 - 오전/오후 hh:mm | J11: 메시지 기록 조회
A12: =COUNTA($I$3:$I12) -> 10 | B12: 관제 관리 | E12: - | F12: 스크롤 | H12: 1. 스크롤 동작 확인 | I12: 1. 대화창에서 스크롤 가능함 2. 스크롤 시 날짜별 확인 가능함 | J12: 메시지 기록 조회
A13: =COUNTA($I$3:$I13) -> 11 | B13: 관제 관리 | C13: 라이브채팅 공지 조회 | D13: - | E13: - | F13: 제공 정보 | G13: - | H13: 1. [라이브채팅 공지 조회] 메뉴 진입 2. 제공 정보 확인 | I13: 1. 라이브채팅 공지 조회 메뉴 제공됨(클라우드 UI) - 타이틀 : 라이브채팅 공지 조회 - 안내 문구 영역 - 대화내용 검색 영역 - 대화내용 영역 | J13: 라이브채팅 공지 조회 | K13: PASS | L13: QA-14829 | M13: UI 상이
A14: =COUNTA($I$3:$I14) -> 12 | B14: 관제 관리 | D14: 안내문구 영역 | E14: - | F14: 안내 문구 | G14: - | H14: 1. 안내 문구 확인 | I14: 1. 안내문구 제공됨 - 문구 : 라이브채팅의 공지사항 기록을 조회할 수 있습니다. 단, 한 달 이내의 공지사항만 보관됩니다. | J14: 라이브채팅 공지 조회 | K14: PASS
A15: =COUNTA($I$3:$I15) -> 13 | B15: 관제 관리 | D15: 대화내용 검색 영역 | E15: - | F15: 대화내용 검색 | G15: 1. 대화 내용 : X | H15: 1. 대화내용 입력 2. [검색] 버튼 선택 | I15: 1. 검색 결과 제공되지 않음 - 문구 : 검색결과가 없습니다. | J15: 라이브채팅 공지 조회 | K15: PASS | L15: QA-14829 | M15: 입력 후 검색 시 하얀 화면
A16: =COUNTA($I$3:$I16) -> 14 | B16: 관제 관리 | E16: - | G16: 1. 대화 내용 : O | H16: 1. 대화내용 입력 2. [검색] 버튼 선택 | I16: 1. 검색한 결과가 제공됨 - 해당 내용이 있는 화면으로 스크롤됨 | J16: 라이브채팅 공지 조회 | K16: PASS
A17: =COUNTA($I$3:$I17) -> 15 | B17: 관제 관리 | E17: - | G17: 1. 대화 내용 : X | H17: 1. 달력 버튼 선택 2. 대화 내용이 존재하지않는 날짜 선택 | I17: 1. 검색 결과 제공되지 않음 - 문구 : 검색결과가 없습니다. | J17: 라이브채팅 공지 조회 | K17: PASS
A18: =COUNTA($I$3:$I18) -> 16 | B18: 관제 관리 | E18: - | G18: 1. 대화 내용 : O | H18: 1. 달력 버튼 선택 2. 대화 내용이 존재하는 날짜 선택 | I18: 1. 해당 날짜로 스크롤됨 | J18: 라이브채팅 공지 조회 | K18: PASS
A19: =COUNTA($I$3:$I19) -> 17 | B19: 관제 관리 | D19: 대화창 영역 | E19: - | F19: 제공 정보 | G19: 1. 대화 내용 : X | H19: 1. 대화창 영역 확인 | I19: 1. 대화창이 제공되지 않음 | J19: 라이브채팅 공지 조회 | K19: N/A | M19: 테스트 데이터 존재하여 확인 불가
A20: =COUNTA($I$3:$I20) -> 18 | B20: 관제 관리 | E20: - | G20: 1. 대화 내용 : O | H20: 1. 대화창 영역 확인 | I20: 1. 대화 내용이 제공됨 - 대화 내용 - 오전/오후 hh:mm | J20: 라이브채팅 공지 조회 | K20: PASS
A21: =COUNTA($I$3:$I21) -> 19 | B21: 관제 관리 | E21: - | F21: 스크롤 | H21: 1. 스크롤 동작 확인 | I21: 1. 대화창에서 스크롤 가능함 2. 스크롤 시 날짜별 확인 가능함 | J21: 라이브채팅 공지 조회 | K21: PASS
A22: =COUNTA($I$3:$I22) -> 20 | B22: 관제 관리 | C22: 아이콘 관리 | D22: - | E22: - | F22: 제공 정보 | G22: - | H22: 1. [아이콘 관리] 메뉴 진입 2. 제공 정보 확인 | I22: 1. 아이콘 관리 메뉴 제공됨(클라우드 UI) - 타이틀 : 아이콘 관리 - 안내 문구 영역 - 기능 설정 영역 - 사용중 아이콘 영역 - 아이콘 라이브러리 영역 - 코스 별 아이콘 색상 설정 영역 - 관제팝업 내 그늘집 표시 영역 | J22: 아이콘 관리 | K22: PASS
A23: =COUNTA($I$3:$I23) -> 21 | B23: 관제 관리 | D23: - | E23: - | F23: 안내 문구 | G23: - | H23: 1. 안내 문구 확인 | I23: 1. 변경된 안내 문구 제공됨 - 문구 : 관제 화면에서 사용할 아이콘 선택 및 코스 색상을 선택할 수 있습니다. \n 또한, 관제 화면에 그늘집 이미지를 추가할 수 있습니다. | J23: 아이콘 관리 | K23: PASS | L23: QA-14821 | M23: 안내 문구 비제공
A24: =COUNTA($I$3:$I24) -> 22 | B24: 관제 관리 | D24: 기능 설정 영역 | E24: - | F24: 제공 정보 | G24: - | H24: 1. 기능 설정 영역 확인 | I24: 1. 기능 설정 영역 제공됨 - 안내 문구 영역 - [저장] 버튼 - 항목별 기능 설정 영역 a. 관제 지도 아이콘 시인성 향상 b. 아이콘 관리 | J24: 아이콘 관리 | K24: PASS
A25: =COUNTA($I$3:$I25) -> 23 | B25: 관제 관리 | E25: - | F25: 안내 문구 | G25: - | H25: 1. 안내 문구 확인 | I25: 1. 안내 문구 제공됨 - 문구 : 관제지도 아이콘 시인성 향상 및 아이콘 관리 기능의 사용 여부를 설정합니다. | J25: 아이콘 관리 | K25: PASS
A26: =COUNTA($I$3:$I26) -> 24 | B26: 관제 관리 | E26: - | F26: 설정_관제지도 아이콘 시인성 향상 | G26: - | H26: 1. 관제지도 아이콘 시인성 향상 확인 | I26: 1. 관제지도 아이콘 시인성 향상 제공됨 - 기능명 : 관제지도 아이콘 시인성 향상 - 상세설명 : 관제팝업 지도보기 내, 카트에 배정된 아이콘 시인성 상향을 위한 기능입니다. (예시 사진 노출) - 설정 : 라디오 버튼(사용 / 사용안함) ON/OFF 토글 | J26: 아이콘 관리 | K26: PASS
A27: =COUNTA($I$3:$I27) -> 25 | B27: 관제 관리 | E27: - | G27: - | H27: 1. [사용] 선택 2. [저장] 버튼 선택 | I27: 1. 설정 가능함 | J27: 아이콘 관리 | K27: PASS
A28: =COUNTA($I$3:$I28) -> 26 | B28: 관제 관리 | E28: - | G28: - | H28: 1. [사용안함] 선택 2. [저장] 버튼 선택 | I28: 1. 설정 가능함 | J28: 아이콘 관리 | K28: PASS
A29: =COUNTA($I$3:$I29) -> 27 | B29: 관제 관리 | E29: - | F29: 설정_아이콘 관리 | G29: - | H29: 1. 아이콘 관리 확인 | I29: 1. 아이콘 관리 제공됨 - 기능명 : 아이콘 관리 - 상세설명 : 관제 화면에서 사용할 아이콘을 선택할 수 있습니다. \n 아이콘의 이름 및 형태 수정이 가능하며, 최소 6개, 최대 15개까지 선택이 가능합니다. - 설정 : 라디오 버튼(사용 / 사용안함) ON/OFF 토글 | J29: 아이콘 관리 | K29: PASS
A30: =COUNTA($I$3:$I30) -> 28 | B30: 관제 관리 | E30: - | G30: - | H30: 1. [사용] 선택 2. [저장] 버튼 선택 | I30: 1. 사용으로 설정 시 하단에 아이콘 라이브러리 설정이 가능함 | J30: 아이콘 관리 | K30: PASS
A31: =COUNTA($I$3:$I31) -> 29 | B31: 관제 관리 | E31: - | G31: - | H31: 1. [사용안함] 선택 2. [저장] 버튼 선택 | I31: 1. 사용안함으로 설정 시 하단에 아이콘 라이브러리 설정 불가함 | J31: 아이콘 관리 | K31: PASS
A32: =COUNTA($I$3:$I32) -> 30 | B32: 관제 관리 | E32: - | F32: 관제 연동 | G32: 1. 시인성 향상 : OFF 2. 아이콘 관리 : OFF | H32: 1. 관제 페이지에서 카트 아이콘 확인 | I32: 1. 카트에 아이콘 비제공됨 | J32: 아이콘 관리 | K32: N/A | M32: 카트 연동 QA 제외
A33: =COUNTA($I$3:$I33) -> 31 | B33: 관제 관리 | E33: - | G33: 1. 시인성 향상 : OFF 2. 아이콘 관리 : ON | H33: 1. 관제 페이지에서 카트 아이콘 확인 | I33: 1. 카트에 아이콘명 제공됨(아이콘은 비제공) | J33: 아이콘 관리 | K33: N/A | M33: 카트 연동 QA 제외
A34: =COUNTA($I$3:$I34) -> 32 | B34: 관제 관리 | E34: - | G34: 1. 시인성 향상 : ON 2. 아이콘 관리 : OFF | H34: 1. 관제 페이지에서 카트 아이콘 확인 | I34: 1. 카트에 아이콘 비제공됨 | J34: 아이콘 관리 | K34: N/A | M34: 카트 연동 QA 제외
A35: =COUNTA($I$3:$I35) -> 33 | B35: 관제 관리 | E35: - | G35: 1. 시인성 향상 : ON 2. 아이콘 관리 : ON | H35: 1. 관제 페이지에서 카트 아이콘 확인 | I35: 1. 카트에 아이콘+아이콘명 제공됨 | J35: 아이콘 관리 | K35: N/A | M35: 카트 연동 QA 제외
A36: =COUNTA($I$3:$I36) -> 34 | B36: 관제 관리 | C36: 아이콘 관리 | D36: 사용중 아이콘 & 아이콘 라이브러리 영역 | E36: - | F36: 제공 정보 | G36: - | H36: 1. 사용중 아이콘 영역 확인 2. 아이콘 라이브러리 영역 확인 | I36: 1. 사용중 아이콘 영역 제공됨 - 안내 문구 영역 - [저장][관제적용] 버튼 - 선택된 아이콘 영역 2. 아이콘 라이브러리 영역 제공됨 - 안내 문구 영역 - 아이콘 라이브러리 | J36: 아이콘 관리 | K36: PASS
A37: =COUNTA($I$3:$I37) -> 35 | B37: 관제 관리 | E37: - | F37: 아이콘 라이브러리 설정 | G37: - | H37: 1. 아이콘 라이브러리 안내 문구 확인 | I37: 1. 아이콘 라이브러리 안내 문구 제공됨 - 문구 : 공통 아이콘 세트 중 필요한 항목을 선택하여 관제 화면에 노출할 수 있습니다. | J37: 아이콘 관리 | K37: PASS
A38: =COUNTA($I$3:$I38) -> 36 | B38: 관제 관리 | G38: 1. 아이콘 관리 : OFF | H38: 1. 아이콘 라이브러리 항목 확인 | I38: 1. 아이콘 관리 OFF 시 비활성화됨 | J38: 아이콘 관리 | K38: PASS
A39: =COUNTA($I$3:$I39) -> 37 | B39: 관제 관리 | E39: - | G39: 1. 아이콘 관리 : ON | H39: 1. 아이콘 라이브러리 항목 확인 | I39: 1. 아이콘 관리 ON 시 활성화됨 | J39: 아이콘 관리 | K39: PASS
A40: =COUNTA($I$3:$I40) -> 38 | B40: 관제 관리 | E40: - | H40: 1. 입력 필드 확인 2. 아이콘명 입력 | I40: 1. 아이콘명 입력 가능함 | J40: 아이콘 관리 | K40: PASS
A41: =COUNTA($I$3:$I41) -> 39 | B41: 관제 관리 | E41: - | H41: 1. 체크/체크해제 동작 확인 | I41: 1. 체크 시 사용중 아이콘에 추가됨 - 최대 15개까지 선택 가능 2. 체크해제 시 사용중 아이콘에서 제거됨 | J41: 아이콘 관리 | K41: PASS
A42: =COUNTA($I$3:$I42) -> 40 | B42: 관제 관리 | E42: - | F42: 사용중 아이콘 | H42: 1. 사용중 아이콘 안내 문구 확인 | I42: 1. 사용중 아이콘 안내 문구 확인 - 문구 : 현재 관제 화면에 적용되는 아이콘 목록입니다. 우측 X 버튼으로 빠르게 제외할 수 있습니다. | J42: 아이콘 관리 | K42: PASS
A43: =COUNTA($I$3:$I43) -> 41 | B43: 관제 관리 | G43: 1. 체크된 아이콘 : X | H43: 1. 사용중 아이콘 영역 확인 | I43: 1. 안내 문구 제공됨 - 문구 : 최소 6개, 최대 15개까지 선택이 가능합니다. 최소 6개 이상 선택해야 저장할 수 있습니다. | J43: 아이콘 관리 | K43: PASS
A44: =COUNTA($I$3:$I44) -> 42 | B44: 관제 관리 | E44: - | G44: 1. 체크된 아이콘 : 5개 | H44: 1. 사용중 아이콘 영역 확인 | I44: 1. 안내 문구 제공됨 - 문구 : 최소 6개, 최대 15개까지 선택이 가능합니다. 최소 6개 이상 선택해야 저장할 수 있습니다. | J44: 아이콘 관리 | K44: PASS
A45: =COUNTA($I$3:$I45) -> 43 | B45: 관제 관리 | E45: - | G45: 1. 체크된 아이콘 : 6개 이상 | H45: 1. 사용중 아이콘 영역 확인 | I45: 1. 안내 문구 비제공됨 | J45: 아이콘 관리 | K45: PASS
A46: =COUNTA($I$3:$I46) -> 44 | B46: 관제 관리 | E46: - | G46: 1. 체크된 아이콘 : 1개 이상 | H46: 1. 아이콘에서 [X] 버튼 선택 | I46: 1. 사용중 아이콘에서 제거되며, 아이콘 라이브러리에 체크 해제됨 | J46: 아이콘 관리 | K46: PASS
A47: =COUNTA($I$3:$I47) -> 45 | B47: 관제 관리 | E47: - | F47: 저장 및 관제연동 | G47: 1. 체크된 아이콘 : 6개 이상 | H47: 1. [관제적용] 버튼 선택 2. 관제 페이지 우측 상단에서 아이콘 확인 | I47: 1. 설정한 아이콘이 우측 상단에 제공됨 | J47: 아이콘 관리 | K47: PASS | L47: QA-14824 | M47: 아이콘 라이브버리에서 저장하자마자 적용됨
A48: =COUNTA($I$3:$I48) -> 46 | B48: 관제 관리 | C48: 아이콘 관리 | D48: 코스 별 아이콘 색상 설정 영역 | E48: - | F48: 제공 정보 | G48: - | H48: 1. 코스 별 아이콘 색상 설정 영역 확인 | I48: 1. 코스 별 아이콘 색상 설정 영역 제공됨 - 안내 문구 영역 - [초기화] / [저장] 버튼 - 코스(카드 형태) - 코스별 아이콘 색상 설정 영역 | J48: 아이콘 관리 | K48: PASS
A49: =COUNTA($I$3:$I49) -> 47 | B49: 관제 관리 | E49: - | F49: 안내 문구 | G49: - | H49: 1. 안내 문구 확인 | I49: 1. 안내 문구 제공됨 - 문구 : 관제에서 사용하는 코스 아이콘 컬러를 코스별로 각각 설정합니다. | J49: 아이콘 관리 | K49: PASS
A50: =COUNTA($I$3:$I50) -> 48 | B50: 관제 관리 | E50: - | F50: 코스(카드) | G50: - | H50: 1. 코스 UI 확인 | I50: 1. 해당 골프장에 제공되는 코스가 카드 형태로 제공됨 - Default : 빨 / 노 / 초 / 파 순 - {코스명} - 코스 색상 (20종) | J50: 아이콘 관리 | K50: PASS
A51: =COUNTA($I$3:$I51) -> 49 | B51: 관제 관리 | E51: - | G51: - | H51: 1. 코스별 색상 선택 | I51: 1. 코스별 색상 선택 가능함 - 코스 카드에서 코스명 색상 변경됨 | J51: 아이콘 관리 | K51: PASS
A52: =COUNTA($I$3:$I52) -> 50 | B52: 관제 관리 | E52: - | F52: 초기화 | G52: 1. 색상 선택된 상태 | H52: 1. [초기화] 버튼 선택 | I52: 1. 모든 코스가 디폴트 색상으로 변경됨 - 첫번째 코스 : 빨 - 두번째 코스 : 노 - 순서대로 등등 | J52: 아이콘 관리 | K52: N/A | M52: 기획 변경(개발 미구현)
A53: =COUNTA($I$3:$I53) -> 51 | B53: 관제 관리 | E53: - | F53: 저장 및 관제연동 | G53: 1. 색상 선택된 상태 | H53: 1. [저장] 버튼 선택 2. 관제 페이지 좌측 상단에서 아이콘 확인 | I53: 1. 코스 아이콘이 선택한 색상으로 제공됨 | J53: 아이콘 관리 | K53: PASS
A54: =COUNTA($I$3:$I54) -> 52 | B54: 관제 관리 | D54: 관제팝업 내 그늘집 표시 영역 | E54: - | F54: 제공 정보 | G54: - | H54: 1. 관제팝업 내 그늘집 표시 영역 확인 | I54: 1. 관제팝업 내 그늘집 표시 영역 제공됨 - 안내 문구 영역 - [저장] 버튼 - 사용 토글 - 코스별 그늘집 위치 체크 박스 영역 | J54: 아이콘 관리 | K54: PASS
A55: =COUNTA($I$3:$I55) -> 53 | B55: 관제 관리 | E55: - | F55: 안내 문구 | G55: - | H55: 1. 안내 문구 확인 | I55: 1. 안내 문구 제공됨 - 문구 : 관제팝업 코스보기 내, 그늘집 이미지를 추가하고 표시할 수 있습니다. 코스별 홀 위치를 선택하여 어느 홀 구간에 그늘집을 노출할지 설정합니다. | J55: 아이콘 관리 | K55: PASS
A56: =COUNTA($I$3:$I56) -> 54 | B56: 관제 관리 | E56: - | F56: 사용 토글 | G56: - | H56: 1. 사용 토글 활성화/비활성화 동작 확인 | I56: 1. 비활성화 시 체크박스 비활성화됨 2. 활성화 시 체크박스 활성화됨 | J56: 아이콘 관리 | K56: N/A | M56: 활성화 상태로 유지(비활성화 시 관제에 적용 안되므로 패스)
A57: =COUNTA($I$3:$I57) -> 55 | B57: 관제 관리 | E57: - | F57: 코스(체크박스) | H57: 1. 코스별 체크박스 영역 확인 | I57: 1. 해당 골프장에 제공되는 코스가 제공됨 - 코스 : {코스명} - 그늘집 위치 : 1~9홀(체크박스) | J57: 아이콘 관리 | K57: PASS
A58: =COUNTA($I$3:$I58) -> 56 | B58: 관제 관리 | E58: - | H58: 1. 체크/체크해제 동작 확인 | I58: 1. 코스별 그늘집 위치 체크 가능함 - 복수로 다건 체크 가능 2. 체크해제 가능함 | J58: 아이콘 관리 | K58: PASS
A59: =COUNTA($I$3:$I59) -> 57 | B59: 관제 관리 | E59: - | F59: 저장 및 관제연동 | G59: 1. 그늘집 위치 선택된 상태 2. 사용 토글 : ON | H59: 1. [저장] 버튼 선택 2. 관제 페이지 확인 | I59: 1. 해당 홀에 그늘집 위치 제공됨 - 1홀 선택 시 : 1홀 앞에 그늘집 - 2홀 선택 시 : 1홀과 2홀 사이에 그늘집 | J59: 아이콘 관리 | K59: PASS
A60: =COUNTA($I$3:$I60) -> 58 | B60: 관제 관리 | E60: - | G60: 1. 그늘집 위치 선택된 상태 2. 사용 토글 : OFF | H60: 1. [저장] 버튼 선택 2. 관제 페이지 확인 | I60: 1. 그늘집 위치 비제공됨 | J60: 아이콘 관리 | K60: PASS

Sheet 태블릿 운영 관리
A1: No. | C1: 화면 | F1: 기능 | G1: 사전 조건 | H1: 절차 | I1: 예상결과 | J1: 기획서 | K1: QA 확인 결과 | L1: JIRA | M1: 비고 | N1: 담당자
B2: 0 dapth | C2: 1 depth | D2: 2 depth | E2: 3 depth
A3: =COUNTA($I$3:$I3) -> 1 | B3: 태블릿 운영 관리 | C3: 태블릿 운영 관리 | D3: - | E3: - | F3: 메뉴 확인 | G3: - | H3: 1. 태블릿 운영 관리 대메뉴 선택 2. 메뉴 구성 확인 | I3: 1. 태블릿 운영 관리 메뉴가 제공됨 - 태블릿 기능 설정 - 메시지 관리 - 광고 관리 - 홀 이벤트 관리 | J3: 태블릿 운영 관리 | K3: PASS
A4: =COUNTA($I$3:$I4) -> 2 | B4: 태블릿 운영 관리 | C4: 태블릿 기능 설정 | D4: - | E4: - | F4: 제공 정보 | G4: - | H4: 1. [태블릿 기능 설정] 메뉴 진입 2. 제공 정보 확인 | I4: 1. 태블릿 기능 설정 메뉴 제공됨(클라우드 UI) - 타이틀 : 태블릿 기능 설정 - 안내 문구 영역 - 경기 진행 설정 영역 - 카트도로 이탈 메시지 영역 - 긴급호출 연락처 영역 - 고객 확인서 영역 - 중대재해 확인서 영역 - 추가 확인서 영역 - 태블릿 설정 영역 | J4: 태블릿 기능 설정 | K4: PASS
A5: =COUNTA($I$3:$I5) -> 3 | B5: 태블릿 운영 관리 | C5: 태블릿 기능 설정 | D5: - | E5: - | F5: 안내 문구 | G5: - | H5: 1. 태블릿 기능 설정 안내 문구 확인 | I5: 1. 안내 문구 제공됨 - 문구 : 태블릿에 사용 가능한 기능들을 설정할 수 있습니다. \n 고객 확인서, 중대재해 확인서 및 카트 도로 이탈 메시지의 내용을 설정할 수 있으며, 긴급 호출 시 태블릿에 전송되는 연락처를 입력할 수 있습니다. | J5: 태블릿 기능 설정 | K5: PASS
A6: =COUNTA($I$3:$I6) -> 4 | B6: 태블릿 운영 관리 | C6: 태블릿 기능 설정 | D6: 경기 진행 설정 영역 | E6: - | F6: 제공 정보 | G6: - | H6: 1. 경기 진행 설정 영역 확인 | I6: 1. 경기 진행 설정 영역 제공됨 - 알림 문구 영역 - 전체 기능수 / 활성화 기능 / 비활성화 기능 - 기능 토글 13종 | J6: 태블릿 기능 설정 | K6: PASS | L6: QA-14845 | M6: 관제 지연카트 모니터링 기능이 다운로드로 제공되는 현상
A7: =COUNTA($I$3:$I7) -> 5 | B7: 태블릿 운영 관리 | C7: 태블릿 기능 설정 | E7: - | F7: 안내 문구 | G7: - | H7: 1. 안내 문구 확인 | I7: 1. 안내 문구 제공됨 - 태블릿에서 사용할 주요 기능의 노출 여부와 동작 방식을 설정합니다. | J7: 태블릿 기능 설정 | K7: PASS
A8: =COUNTA($I$3:$I8) -> 6 | B8: 태블릿 운영 관리 | C8: 태블릿 기능 설정 | E8: - | F8: 전체 기능 수 | G8: - | H8: 1. 전체 기능 수 영역 확인 | I8: 1. 전체 기능 수 제공됨(고정값) - 13 | J8: 태블릿 기능 설정 | K8: PASS
A9: =COUNTA($I$3:$I9) -> 7 | B9: 태블릿 운영 관리 | C9: 태블릿 기능 설정 | E9: - | F9: 활성화 기능 | G9: - | H9: 1. 활성화 기능 영역 확인 | I9: 1. 아래 기능이 활성화된 수 제공됨 - n | J9: 태블릿 기능 설정 | K9: PASS
A10: =COUNTA($I$3:$I10) -> 8 | B10: 태블릿 운영 관리 | C10: 태블릿 기능 설정 | E10: - | F10: 비활성화 기능 | G10: - | H10: 1. 비활성화 기능 영역 확인 | I10: 1. 아래 기능이 비활성화된 수 제공됨 - n | J10: 태블릿 기능 설정 | K10: PASS
A11: =COUNTA($I$3:$I11) -> 9 | B11: 태블릿 운영 관리 | C11: 태블릿 기능 설정 | E11: - | F11: 기능 토글 | G11: - | H11: 1. 기능 토글 영역 확인 | I11: 1. 13종 기능 토글 영역이 제공됨 - 컬럼 : 기능명 / 상세 설명 / 설정 | J11: 태블릿 기능 설정 | K11: PASS
A12: =COUNTA($I$3:$I12) -> 10 | B12: 태블릿 운영 관리 | C12: 태블릿 기능 설정 | E12: - | F12: 카트도로 이탈 방지 모드 | G12: - | H12: 1. 카트도로 이탈 방지 모드 영역 확인 | I12: 1. 카트도로 이탈 방지 모드 영역 제공됨 - 기능명 : 카트도로 이탈 방지 모드[툴팁] - 상세 설명 : 카트도로 이탈 시 태블릿에 경고창을 표시합니다. [셀프모드 전용] - 설정 : ON/OFF 토글 | J12: 태블릿 기능 설정 | K12: PASS | L12: QA-14845 | M12: 문구 오류
A13: =COUNTA($I$3:$I13) -> 11 | B13: 태블릿 운영 관리 | C13: 태블릿 기능 설정 | E13: - | G13: - | H13: 1. (i) 툴팁 버튼 선택 | I13: 1. 팝업 형태로 미리보기 화면 제공됨 - 타이틀 : 카트도로 이탈 방지 모드 - 문구 : 셀프모드에서 카트가 카트도로를 이탈했을때 태블릿에 경고팝업 송출 - [X] 버튼 - 미리보기 화면 - [닫기] 버튼 | J13: 태블릿 기능 설정 | K13: PASS | M13: 기획 변경
A14: =COUNTA($I$3:$I14) -> 12 | B14: 태블릿 운영 관리 | C14: 태블릿 기능 설정 | E14: - | G14: - | H14: 1. (i) 툴팁 버튼 선택 2. [X] 버튼 선택 | I14: 1. 팝업 닫힘 | J14: 태블릿 기능 설정 | K14: PASS
A15: =COUNTA($I$3:$I15) -> 13 | B15: 태블릿 운영 관리 | C15: 태블릿 기능 설정 | E15: - | G15: - | H15: 1. (i) 툴팁 버튼 선택 2. [닫기] 버튼 선택 | I15: 1. 팝업 닫힘 | J15: 태블릿 기능 설정 | K15: N/A | M15: 기획 변경
A16: =COUNTA($I$3:$I16) -> 14 | B16: 태블릿 운영 관리 | C16: 태블릿 기능 설정 | E16: - | G16: - | H16: 1. 토글 설정(ON or OFF) | I16: 1. 확인 팝업 제공됨 - 문구 : 설정을 변경하겠습니까? - [확인] / [취소] 버튼 | J16: 태블릿 기능 설정 | K16: PASS | L16: QA-14838 | M16: 확인 팝업 비제공
A17: =COUNTA($I$3:$I17) -> 15 | B17: 태블릿 운영 관리 | C17: 태블릿 기능 설정 | E17: - | G17: - | H17: 1. 토글 설정(ON or OFF) 2. [취소] 버튼 선택 | I17: 1. 토글 설정 취소됨 | J17: 태블릿 기능 설정 | K17: PASS
A18: =COUNTA($I$3:$I18) -> 16 | B18: 태블릿 운영 관리 | C18: 태블릿 기능 설정 | H18: 1. 토글 ON 설정 2. [확인] 버튼 선택 | I18: 1. 토글 설정 완료됨 * 카트도로 이탈 시 태블릿에 경고창 노출 | J18: 태블릿 기능 설정 | K18: PASS | L18: QA-14836 | M18: 서버에러 *카트 연동은 범위 제외
A19: =COUNTA($I$3:$I19) -> 17 | B19: 태블릿 운영 관리 | C19: 태블릿 기능 설정 | E19: - | G19: - | H19: 1. 토글 OFF 설정 2. [확인] 버튼 선택 | I19: 1. 토글 설정 완료됨 * 카트도로 이탈 시 태블릿에 경고창 비노출 | J19: 태블릿 기능 설정 | K19: PASS | L19: QA-14836 | M19: 서버에러 *카트 연동은 범위 제외
A20: =COUNTA($I$3:$I20) -> 18 | B20: 태블릿 운영 관리 | C20: 태블릿 기능 설정 | D20: 경기 진행 설정 영역 | E20: - | F20: 고객확인서 팝업 | G20: - | H20: 1. 고객확인서 팝업 영역 확인 | I20: 1. 고객확인서 팝업 영역 제공됨 - 기능명 : 고객확인서[툴팁] - 상세 설명 : 라운드 시작 시 고객확인서를 팝업으로 표시합니다. - 설정 : ON/OFF 토글 | J20: 태블릿 기능 설정 | K20: PASS | L20: QA-14845 | M20: 문구 오류
A21: =COUNTA($I$3:$I21) -> 19 | B21: 태블릿 운영 관리 | C21: 태블릿 기능 설정 | E21: - | G21: - | H21: 1. (i) 툴팁 버튼 선택 | I21: 1. 팝업 형태로 미리보기 화면 제공됨 - 타이틀 : 고객확인서 팝업 - 문구 : 라운드 시작 시 고객확인서를 팝업으로 띄우는 기능 - [X] 버튼 - 미리보기 화면 - [닫기] 버튼 | J21: 태블릿 기능 설정 | K21: PASS
A22: =COUNTA($I$3:$I22) -> 20 | B22: 태블릿 운영 관리 | C22: 태블릿 기능 설정 | E22: - | G22: - | H22: 1. (i) 툴팁 버튼 선택 2. [X] 버튼 선택 | I22: 1. 팝업 닫힘 | J22: 태블릿 기능 설정 | K22: PASS
A23: =COUNTA($I$3:$I23) -> 21 | B23: 태블릿 운영 관리 | C23: 태블릿 기능 설정 | E23: - | G23: - | H23: 1. (i) 툴팁 버튼 선택 2. [닫기] 버튼 선택 | I23: 1. 팝업 닫힘 | J23: 태블릿 기능 설정 | K23: N/A | M23: 기획 변경
A24: =COUNTA($I$3:$I24) -> 22 | B24: 태블릿 운영 관리 | C24: 태블릿 기능 설정 | H24: 1. 토글 설정(ON or OFF) | I24: 1. 확인 팝업 제공됨 - 문구 : 설정을 변경하겠습니까? - [확인] / [취소] 버튼 | J24: 태블릿 기능 설정 | K24: PASS | L24: QA-14838 | M24: 확인 팝업 비제공
A25: =COUNTA($I$3:$I25) -> 23 | B25: 태블릿 운영 관리 | C25: 태블릿 기능 설정 | E25: - | G25: - | H25: 1. 토글 설정(ON or OFF) 2. [취소] 버튼 선택 | I25: 1. 토글 설정 취소됨 | J25: 태블릿 기능 설정 | K25: PASS
A26: =COUNTA($I$3:$I26) -> 24 | B26: 태블릿 운영 관리 | C26: 태블릿 기능 설정 | E26: - | G26: - | H26: 1. 토글 ON 설정 2. [확인] 버튼 선택 | I26: 1. 토글 설정 완료됨 * 태블릿에 고객확인서 제공 | J26: 태블릿 기능 설정 | K26: PASS | L26: QA-14836 | M26: 서버에러
A27: =COUNTA($I$3:$I27) -> 25 | B27: 태블릿 운영 관리 | C27: 태블릿 기능 설정 | E27: - | G27: - | H27: 1. 토글 OFF 설정 2. [확인] 버튼 선택 | I27: 1. 토글 설정 완료됨 * 태블릿에 고객확인서 비제공 | J27: 태블릿 기능 설정 | K27: PASS | L27: QA-14836 | M27: 서버에러
A28: =COUNTA($I$3:$I28) -> 26 | B28: 태블릿 운영 관리 | C28: 태블릿 기능 설정 | D28: 경기 진행 설정 영역 | E28: - | F28: 중대재해 확인서 | G28: - | H28: 1. 중대재해 확인서 영역 확인 | I28: 1. 중대재해 확인서 영역 제공됨 - 기능명 : 중대재해 확인서[툴팁] - 상세 설명 : 중대재해 고객확인서 기능을 사용합니다. - 설정 : ON/OFF 토글 | J28: 태블릿 기능 설정 | K28: PASS
A29: =COUNTA($I$3:$I29) -> 27 | B29: 태블릿 운영 관리 | C29: 태블릿 기능 설정 | E29: - | G29: - | H29: 1. (i) 툴팁 버튼 선택 | I29: 1. 팝업 형태로 미리보기 화면 제공됨 - 타이틀 : 중대재해 확인서 - 문구 : 중대재해 확인서를 오픈하는 기능 - [X] 버튼 - 미리보기 화면 - [닫기] 버튼 | J29: 태블릿 기능 설정 | K29: PASS
A30: =COUNTA($I$3:$I30) -> 28 | B30: 태블릿 운영 관리 | C30: 태블릿 기능 설정 | E30: - | G30: - | H30: 1. (i) 툴팁 버튼 선택 2. [X] 버튼 선택 | I30: 1. 팝업 닫힘 | J30: 태블릿 기능 설정 | K30: PASS
A31: =COUNTA($I$3:$I31) -> 29 | B31: 태블릿 운영 관리 | C31: 태블릿 기능 설정 | E31: - | G31: - | H31: 1. (i) 툴팁 버튼 선택 2. [닫기] 버튼 선택 | I31: 1. 팝업 닫힘 | J31: 태블릿 기능 설정 | K31: N/A | M31: 기획 변경
A32: =COUNTA($I$3:$I32) -> 30 | B32: 태블릿 운영 관리 | C32: 태블릿 기능 설정 | E32: - | G32: - | H32: 1. 토글 설정(ON or OFF) | I32: 1. 확인 팝업 제공됨 - 문구 : 설정을 변경하겠습니까? - [확인] / [취소] 버튼 | J32: 태블릿 기능 설정 | K32: PASS | L32: QA-14838 | M32: 확인 팝업 비제공
A33: =COUNTA($I$3:$I33) -> 31 | B33: 태블릿 운영 관리 | C33: 태블릿 기능 설정 | H33: 1. 토글 설정(ON or OFF) 2. [취소] 버튼 선택 | I33: 1. 토글 설정 취소됨 | J33: 태블릿 기능 설정 | K33: PASS
A34: =COUNTA($I$3:$I34) -> 32 | B34: 태블릿 운영 관리 | C34: 태블릿 기능 설정 | E34: - | G34: - | H34: 1. 토글 ON 설정 2. [확인] 버튼 선택 | I34: 1. 토글 설정 완료됨 * 태블릿에 중대재해 확인서 제공 | J34: 태블릿 기능 설정 | K34: PASS
A35: =COUNTA($I$3:$I35) -> 33 | B35: 태블릿 운영 관리 | C35: 태블릿 기능 설정 | E35: - | G35: - | H35: 1. 토글 OFF 설정 2. [확인] 버튼 선택 | I35: 1. 토글 설정 완료됨 * 태블릿에 중대재해 확인서 비제공 | J35: 태블릿 기능 설정 | K35: PASS
A36: =COUNTA($I$3:$I36) -> 34 | B36: 태블릿 운영 관리 | C36: 태블릿 기능 설정 | E36: - | G36: 1. 설정 : OFF 상태 | H36: 1. 중대재해 확인서 하위 메뉴 확인 | I36: 1. 중대재해 확인서 OFF 시 비제공됨 | J36: 태블릿 기능 설정 | K36: PASS
A37: =COUNTA($I$3:$I37) -> 35 | B37: 태블릿 운영 관리 | C37: 태블릿 기능 설정 | E37: - | G37: 1. 설정 : ON 상태 | H37: 1. 중대재해 확인서 하위 메뉴 확인 | I37: 1. 중대재해 확인서 ON 시 제공됨 - 상세 설명 : 중대재해 고객확인서 저장을 필수로 합니다. - [예] / [아니오] 버튼 | J37: 태블릿 기능 설정 | K37: PASS
A38: =COUNTA($I$3:$I38) -> 36 | B38: 태블릿 운영 관리 | C38: 태블릿 기능 설정 | E38: - | H38: 1. [예] / [아니오] 버튼 확인 | I38: 1. 예 / 아니오 설정 가능함 | J38: 태블릿 기능 설정 | K38: PASS
A39: =COUNTA($I$3:$I39) -> 37 | B39: 태블릿 운영 관리 | C39: 태블릿 기능 설정 | D39: 경기 진행 설정 영역 | E39: - | F39: 추가 확인서 | G39: - | H39: 1. 추가 확인서 영역 확인 | I39: 1. 추가 확인서 영역 제공됨 - 기능명 : 추가 확인서[툴팁] - 상세 설명 : 추가 확인서 기능을 사용합니다. - 설정 : ON/OFF 토글 | J39: 태블릿 기능 설정 | K39: PASS
A40: =COUNTA($I$3:$I40) -> 38 | B40: 태블릿 운영 관리 | C40: 태블릿 기능 설정 | E40: - | G40: - | H40: 1. (i) 툴팁 버튼 선택 | I40: 1. 팝업 형태로 미리보기 화면 제공됨 - 타이틀 : 추가 확인서 - 문구 : 추가 확인서 기능을 사용하는 경우, 확인 항목을 커스터마이징하여 관리할 수 있습니다. - [X] 버튼 - 미리보기 화면 - [닫기] 버튼 | J40: 태블릿 기능 설정 | K40: PASS
A41: =COUNTA($I$3:$I41) -> 39 | B41: 태블릿 운영 관리 | C41: 태블릿 기능 설정 | E41: - | G41: - | H41: 1. (i) 툴팁 버튼 선택 2. [X] 버튼 선택 | I41: 1. 팝업 닫힘 | J41: 태블릿 기능 설정 | K41: PASS
A42: =COUNTA($I$3:$I42) -> 40 | B42: 태블릿 운영 관리 | C42: 태블릿 기능 설정 | E42: - | G42: - | H42: 1. (i) 툴팁 버튼 선택 2. [닫기] 버튼 선택 | I42: 1. 팝업 닫힘 | J42: 태블릿 기능 설정 | K42: N/A | M42: 기획 변경
A43: =COUNTA($I$3:$I43) -> 41 | B43: 태블릿 운영 관리 | C43: 태블릿 기능 설정 | E43: - | G43: - | H43: 1. 토글 설정(ON or OFF) | I43: 1. 확인 팝업 제공됨 - 문구 : 설정을 변경하겠습니까? - [확인] / [취소] 버튼 | J43: 태블릿 기능 설정 | K43: PASS | L43: QA-14838 | M43: 확인 팝업 비제공
A44: =COUNTA($I$3:$I44) -> 42 | B44: 태블릿 운영 관리 | C44: 태블릿 기능 설정 | H44: 1. 토글 설정(ON or OFF) 2. [취소] 버튼 선택 | I44: 1. 토글 설정 취소됨 | J44: 태블릿 기능 설정 | K44: PASS
A45: =COUNTA($I$3:$I45) -> 43 | B45: 태블릿 운영 관리 | C45: 태블릿 기능 설정 | E45: - | G45: - | H45: 1. 토글 ON 설정 2. [확인] 버튼 선택 | I45: 1. 토글 설정 완료됨 * 태블릿에 추가 확인서 제공 | J45: 태블릿 기능 설정 | K45: PASS
A46: =COUNTA($I$3:$I46) -> 44 | B46: 태블릿 운영 관리 | C46: 태블릿 기능 설정 | E46: - | G46: - | H46: 1. 토글 OFF 설정 2. [확인] 버튼 선택 | I46: 1. 토글 설정 완료됨 * 태블릿에 추가 확인서 비제공 | J46: 태블릿 기능 설정 | K46: PASS
A47: =COUNTA($I$3:$I47) -> 45 | B47: 태블릿 운영 관리 | C47: 태블릿 기능 설정 | E47: - | G47: 1. 설정 : OFF 상태 | H47: 1. 추가 확인서 하위 메뉴 확인 | I47: 1. 추가 확인서 OFF 시 비제공됨 | J47: 태블릿 기능 설정 | K47: PASS
A48: =COUNTA($I$3:$I48) -> 46 | B48: 태블릿 운영 관리 | C48: 태블릿 기능 설정 | E48: - | G48: 1. 설정 : ON 상태 | H48: 1. 추가 확인서 하위 메뉴 확인 | I48: 1. 추가 확인서 ON 시 제공됨 - 상세 설명 : 추가 확인서 저장을 필수로 합니다. - [예] / [아니오] 버튼 | J48: 태블릿 기능 설정 | K48: PASS
A49: =COUNTA($I$3:$I49) -> 47 | B49: 태블릿 운영 관리 | C49: 태블릿 기능 설정 | E49: - | H49: 1. [예] / [아니오] 버튼 확인 | I49: 1. 예 / 아니오 설정 가능함 | J49: 태블릿 기능 설정 | K49: PASS
A50: =COUNTA($I$3:$I50) -> 48 | B50: 태블릿 운영 관리 | C50: 태블릿 기능 설정 | D50: 경기 진행 설정 영역 | E50: - | F50: 태블릿 관제 모드 | G50: - | H50: 1. 태블릿 관제 모드 영역 확인 | I50: 1. 태블릿 관제 모드 영역 제공됨 - 기능명 : 태블릿 관제 모드[툴팁] - 상세 설명 : 전체 코스 관제를 태블릿 화면에 표시합니다. - 설정 : ON/OFF 토글 | J50: 태블릿 기능 설정 | K50: PASS | L50: QA-14845 | M50: 문구 오류
A51: =COUNTA($I$3:$I51) -> 49 | B51: 태블릿 운영 관리 | C51: 태블릿 기능 설정 | E51: - | G51: - | H51: 1. (i) 툴팁 버튼 선택 | I51: 1. 팝업 형태로 미리보기 화면 제공됨 - 타이틀 : 태블릿 관제 모드 - 문구 : 태블릿에서 전체 관제화면을 볼 수 있는 기능 - [X] 버튼 - 미리보기 화면 - [닫기] 버튼 | J51: 태블릿 기능 설정 | K51: PASS
A52: =COUNTA($I$3:$I52) -> 50 | B52: 태블릿 운영 관리 | C52: 태블릿 기능 설정 | E52: - | G52: - | H52: 1. (i) 툴팁 버튼 선택 2. [X] 버튼 선택 | I52: 1. 팝업 닫힘 | J52: 태블릿 기능 설정 | K52: PASS
A53: =COUNTA($I$3:$I53) -> 51 | B53: 태블릿 운영 관리 | C53: 태블릿 기능 설정 | E53: - | G53: - | H53: 1. (i) 툴팁 버튼 선택 2. [닫기] 버튼 선택 | I53: 1. 팝업 닫힘 | J53: 태블릿 기능 설정 | K53: N/A | M53: 기획 변경
A54: =COUNTA($I$3:$I54) -> 52 | B54: 태블릿 운영 관리 | C54: 태블릿 기능 설정 | H54: 1. 토글 설정(ON or OFF) | I54: 1. 확인 팝업 제공됨 - 문구 : 설정을 변경하겠습니까? - [확인] / [취소] 버튼 | J54: 태블릿 기능 설정 | K54: PASS | L54: QA-14838 | M54: 확인 팝업 비제공
A55: =COUNTA($I$3:$I55) -> 53 | B55: 태블릿 운영 관리 | C55: 태블릿 기능 설정 | E55: - | G55: - | H55: 1. 토글 설정(ON or OFF) 2. [취소] 버튼 선택 | I55: 1. 토글 설정 취소됨 | J55: 태블릿 기능 설정 | K55: PASS
A56: =COUNTA($I$3:$I56) -> 54 | B56: 태블릿 운영 관리 | C56: 태블릿 기능 설정 | E56: - | G56: - | H56: 1. 토글 ON 설정 2. [확인] 버튼 선택 | I56: 1. 토글 설정 완료됨 * 태블릿에 관제 모드 제공 | J56: 태블릿 기능 설정 | K56: PASS
A57: =COUNTA($I$3:$I57) -> 55 | B57: 태블릿 운영 관리 | C57: 태블릿 기능 설정 | E57: - | G57: - | H57: 1. 토글 OFF 설정 2. [확인] 버튼 선택 | I57: 1. 토글 설정 완료됨 * 태블릿에 관제 모드 비제공 | J57: 태블릿 기능 설정 | K57: PASS
A58: =COUNTA($I$3:$I58) -> 56 | B58: 태블릿 운영 관리 | C58: 태블릿 기능 설정 | D58: 경기 진행 설정 영역 | E58: - | F58: 날씨 모니터링 모드 | G58: - | H58: 1. 날씨 모니터링 모드 영역 확인 | I58: 1. 날씨 모니터링 모드 영역 제공됨 - 기능명 : 날씨 모니터링 모드[툴팁] - 상세 설명 : 시간별 예상 날씨를 태블릿 화면에 표시합니다. - 설정 : ON/OFF 토글 | J58: 태블릿 기능 설정 | K58: PASS | L58: QA-14845 | M58: 문구 오류
A59: =COUNTA($I$3:$I59) -> 57 | B59: 태블릿 운영 관리 | C59: 태블릿 기능 설정 | E59: - | G59: - | H59: 1. (i) 툴팁 버튼 선택 | I59: 1. 팝업 형태로 미리보기 화면 제공됨 - 타이틀 : 날씨 - 문구 : 카트에서 날씨를 확인할 수 있는 기능 - [X] 버튼 - 미리보기 화면 - [닫기] 버튼 | J59: 태블릿 기능 설정 | K59: PASS
A60: =COUNTA($I$3:$I60) -> 58 | B60: 태블릿 운영 관리 | C60: 태블릿 기능 설정 | E60: - | G60: - | H60: 1. (i) 툴팁 버튼 선택 2. [X] 버튼 선택 | I60: 1. 팝업 닫힘 | J60: 태블릿 기능 설정 | K60: PASS
A61: =COUNTA($I$3:$I61) -> 59 | B61: 태블릿 운영 관리 | C61: 태블릿 기능 설정 | E61: - | G61: - | H61: 1. (i) 툴팁 버튼 선택 2. [닫기] 버튼 선택 | I61: 1. 팝업 닫힘 | J61: 태블릿 기능 설정 | K61: N/A | M61: 기획 변경
A62: =COUNTA($I$3:$I62) -> 60 | B62: 태블릿 운영 관리 | C62: 태블릿 기능 설정 | H62: 1. 토글 설정(ON or OFF) | I62: 1. 확인 팝업 제공됨 - 문구 : 설정을 변경하겠습니까? - [확인] / [취소] 버튼 | J62: 태블릿 기능 설정 | K62: PASS | L62: QA-14838 | M62: 확인 팝업 비제공
A63: =COUNTA($I$3:$I63) -> 61 | B63: 태블릿 운영 관리 | C63: 태블릿 기능 설정 | E63: - | G63: - | H63: 1. 토글 설정(ON or OFF) 2. [취소] 버튼 선택 | I63: 1. 토글 설정 취소됨 | J63: 태블릿 기능 설정 | K63: PASS
A64: =COUNTA($I$3:$I64) -> 62 | B64: 태블릿 운영 관리 | C64: 태블릿 기능 설정 | E64: - | G64: - | H64: 1. 토글 ON 설정 2. [확인] 버튼 선택 | I64: 1. 토글 설정 완료됨 * 태블릿에 시간별 예상 날씨 제공 | J64: 태블릿 기능 설정 | K64: PASS
A65: =COUNTA($I$3:$I65) -> 63 | B65: 태블릿 운영 관리 | C65: 태블릿 기능 설정 | E65: - | G65: - | H65: 1. 토글 OFF 설정 2. [확인] 버튼 선택 | I65: 1. 토글 설정 완료됨 * 태블릿에 시간별 예상 날씨 비제공 | J65: 태블릿 기능 설정 | K65: PASS
A66: =COUNTA($I$3:$I66) -> 64 | B66: 태블릿 운영 관리 | C66: 태블릿 기능 설정 | D66: 경기 진행 설정 영역 | E66: - | F66: 대기 카트 표시 | G66: - | H66: 1. 대기 카트 표시 영역 확인 | I66: 1. 대기 카트 표시 영역 제공됨 - 기능명 : 대기 카트 표시[툴팁] - 상세 설명 : 후반 대기 카트 수를 태블릿 화면에 표시합니다. - 설정 : ON/OFF 토글 | J66: 태블릿 기능 설정 | K66: PASS | L66: QA-14845 | M66: 문구 오류
A67: =COUNTA($I$3:$I67) -> 65 | B67: 태블릿 운영 관리 | C67: 태블릿 기능 설정 | E67: - | G67: - | H67: 1. (i) 툴팁 버튼 선택 | I67: 1. 팝업 형태로 미리보기 화면 제공됨 - 타이틀 : 대기 카트 표시 - 문구 : 8번홀 진입 시 태블릿 우측 하단에 다음 코스 대기중인 카트가 표시되는 기능 - [X] 버튼 - 미리보기 화면 - [닫기] 버튼 | J67: 태블릿 기능 설정 | K67: PASS
A68: =COUNTA($I$3:$I68) -> 66 | B68: 태블릿 운영 관리 | C68: 태블릿 기능 설정 | E68: - | G68: - | H68: 1. (i) 툴팁 버튼 선택 2. [X] 버튼 선택 | I68: 1. 팝업 닫힘 | J68: 태블릿 기능 설정 | K68: PASS
A69: =COUNTA($I$3:$I69) -> 67 | B69: 태블릿 운영 관리 | C69: 태블릿 기능 설정 | E69: - | G69: - | H69: 1. (i) 툴팁 버튼 선택 2. [닫기] 버튼 선택 | I69: 1. 팝업 닫힘 | J69: 태블릿 기능 설정 | K69: N/A | M69: 기획 변경
A70: =COUNTA($I$3:$I70) -> 68 | B70: 태블릿 운영 관리 | C70: 태블릿 기능 설정 | H70: 1. 토글 설정(ON or OFF) | I70: 1. 확인 팝업 제공됨 - 문구 : 설정을 변경하겠습니까? - [확인] / [취소] 버튼 | J70: 태블릿 기능 설정 | K70: PASS | L70: QA-14838 | M70: 확인 팝업 비제공
A71: =COUNTA($I$3:$I71) -> 69 | B71: 태블릿 운영 관리 | C71: 태블릿 기능 설정 | E71: - | G71: - | H71: 1. 토글 설정(ON or OFF) 2. [취소] 버튼 선택 | I71: 1. 토글 설정 취소됨 | J71: 태블릿 기능 설정 | K71: PASS
A72: =COUNTA($I$3:$I72) -> 70 | B72: 태블릿 운영 관리 | C72: 태블릿 기능 설정 | E72: - | G72: - | H72: 1. 토글 ON 설정 2. [확인] 버튼 선택 | I72: 1. 토글 설정 완료됨 * 태블릿에 후반 대기 카트 수 제공(8번 홀) | J72: 태블릿 기능 설정 | K72: PASS | M72: 카트 연동은 범위 제외
A73: =COUNTA($I$3:$I73) -> 71 | B73: 태블릿 운영 관리 | C73: 태블릿 기능 설정 | E73: - | G73: - | H73: 1. 토글 OFF 설정 2. [확인] 버튼 선택 | I73: 1. 토글 설정 완료됨 * 태블릿에 후반 대기 카트 수 비제공(8번 홀) | J73: 태블릿 기능 설정 | K73: PASS | M73: 카트 연동은 범위 제외
A74: =COUNTA($I$3:$I74) -> 72 | B74: 태블릿 운영 관리 | C74: 태블릿 기능 설정 | D74: 경기 진행 설정 영역 | E74: - | F74: 카트 이탈 경고 알림 | G74: - | H74: 1. 카트 이탈 경고 알림 영역 확인 | I74: 1. 카트 이탈 경고 알림 영역 제공됨 - 기능명 : 카트 이탈 경고 알림[툴팁] - 상세 설명 : 카트도로 이탈 시 경기과 관제화면에 안내 메시지를 표시합니다. - 설정 : ON/OFF 토글 | J74: 태블릿 기능 설정 | K74: PASS | L74: QA-14845 | M74: 문구 오류
A75: =COUNTA($I$3:$I75) -> 73 | B75: 태블릿 운영 관리 | C75: 태블릿 기능 설정 | E75: - | G75: - | H75: 1. (i) 툴팁 버튼 선택 | I75: 1. 팝업 형태로 미리보기 화면 제공됨 - 타이틀 : 카트 이탈 경고 알림 - 문구 : 카트가 카트도로를 이탈했을때 관제화면에 경고 메시지 송출 - [X] 버튼 - 미리보기 화면 - [닫기] 버튼 | J75: 태블릿 기능 설정 | K75: PASS
A76: =COUNTA($I$3:$I76) -> 74 | B76: 태블릿 운영 관리 | C76: 태블릿 기능 설정 | E76: - | G76: - | H76: 1. (i) 툴팁 버튼 선택 2. [X] 버튼 선택 | I76: 1. 팝업 닫힘 | J76: 태블릿 기능 설정 | K76: PASS
A77: =COUNTA($I$3:$I77) -> 75 | B77: 태블릿 운영 관리 | C77: 태블릿 기능 설정 | E77: - | G77: - | H77: 1. (i) 툴팁 버튼 선택 2. [닫기] 버튼 선택 | I77: 1. 팝업 닫힘 | J77: 태블릿 기능 설정 | K77: N/A | M77: 기획 변경
A78: =COUNTA($I$3:$I78) -> 76 | B78: 태블릿 운영 관리 | C78: 태블릿 기능 설정 | H78: 1. 토글 설정(ON or OFF) | I78: 1. 확인 팝업 제공됨 - 문구 : 설정을 변경하겠습니까? - [확인] / [취소] 버튼 | J78: 태블릿 기능 설정 | K78: PASS | L78: QA-14838 | M78: 확인 팝업 비제공
A79: =COUNTA($I$3:$I79) -> 77 | B79: 태블릿 운영 관리 | C79: 태블릿 기능 설정 | E79: - | G79: - | H79: 1. 토글 설정(ON or OFF) 2. [취소] 버튼 선택 | I79: 1. 토글 설정 취소됨 | J79: 태블릿 기능 설정 | K79: PASS
A80: =COUNTA($I$3:$I80) -> 78 | B80: 태블릿 운영 관리 | C80: 태블릿 기능 설정 | E80: - | G80: - | H80: 1. 토글 ON 설정 2. [확인] 버튼 선택 | I80: 1. 토글 설정 완료됨 * 카트 이탈 시 관제 화면에 알림 제공 | J80: 태블릿 기능 설정 | K80: PASS | M80: 카트 연동은 범위 제외
A81: =COUNTA($I$3:$I81) -> 79 | B81: 태블릿 운영 관리 | C81: 태블릿 기능 설정 | E81: - | G81: - | H81: 1. 토글 OFF 설정 2. [확인] 버튼 선택 | I81: 1. 토글 설정 완료됨 * 카트 이탈 시 관제 화면에 알림 비제공 | J81: 태블릿 기능 설정 | K81: PASS | M81: 카트 연동은 범위 제외
A82: =COUNTA($I$3:$I82) -> 80 | B82: 태블릿 운영 관리 | C82: 태블릿 기능 설정 | D82: 경기 진행 설정 영역 | E82: - | F82: 그린 정보 팝업 | G82: - | H82: 1. 그린 정보 팝업 영역 확인 | I82: 1. 그린 정보 팝업 영역 제공됨 - 기능명 : 그린 정보 팝업[툴팁] - 상세 설명 : 티 박스에서 그린으로 카트 이동 시 그린정보 자동팝업을 활성화합니다. - 설정 : ON/OFF 토글 | J82: 태블릿 기능 설정 | K82: PASS
A83: =COUNTA($I$3:$I83) -> 81 | B83: 태블릿 운영 관리 | C83: 태블릿 기능 설정 | E83: - | G83: - | H83: 1. (i) 툴팁 버튼 선택 | I83: 1. 팝업 형태로 미리보기 화면 제공됨 - 타이틀 : 그린 정보 팝업 - 문구 : 카트가 그린으로 이동할때 태블릿에 그린팝업이 뜨도록 하는 기능 - [X] 버튼 - 미리보기 화면 - [닫기] 버튼 | J83: 태블릿 기능 설정 | K83: PASS
A84: =COUNTA($I$3:$I84) -> 82 | B84: 태블릿 운영 관리 | C84: 태블릿 기능 설정 | E84: - | G84: - | H84: 1. (i) 툴팁 버튼 선택 2. [X] 버튼 선택 | I84: 1. 팝업 닫힘 | J84: 태블릿 기능 설정 | K84: PASS
A85: =COUNTA($I$3:$I85) -> 83 | B85: 태블릿 운영 관리 | C85: 태블릿 기능 설정 | E85: - | G85: - | H85: 1. (i) 툴팁 버튼 선택 2. [닫기] 버튼 선택 | I85: 1. 팝업 닫힘 | J85: 태블릿 기능 설정 | K85: N/A
A86: =COUNTA($I$3:$I86) -> 84 | B86: 태블릿 운영 관리 | C86: 태블릿 기능 설정 | H86: 1. 토글 설정(ON or OFF) | I86: 1. 확인 팝업 제공됨 - 문구 : 설정을 변경하겠습니까? - [확인] / [취소] 버튼 | J86: 태블릿 기능 설정 | K86: PASS
A87: =COUNTA($I$3:$I87) -> 85 | B87: 태블릿 운영 관리 | C87: 태블릿 기능 설정 | E87: - | G87: - | H87: 1. 토글 설정(ON or OFF) 2. [취소] 버튼 선택 | I87: 1. 토글 설정 취소됨 | J87: 태블릿 기능 설정 | K87: PASS
A88: =COUNTA($I$3:$I88) -> 86 | B88: 태블릿 운영 관리 | C88: 태블릿 기능 설정 | E88: - | G88: - | H88: 1. 토글 ON 설정 2. [확인] 버튼 선택 | I88: 1. 토글 설정 완료됨 * 카트가 그린으로 이동 시 태블릿에 제공 | J88: 태블릿 기능 설정 | K88: PASS | M88: 카트 연동은 범위 제외
A89: =COUNTA($I$3:$I89) -> 87 | B89: 태블릿 운영 관리 | C89: 태블릿 기능 설정 | E89: - | G89: - | H89: 1. 토글 OFF 설정 2. [확인] 버튼 선택 | I89: 1. 토글 설정 완료됨 * 카트가 그린으로 이동 시 태블릿에 비제공 | J89: 태블릿 기능 설정 | K89: PASS | M89: 카트 연동은 범위 제외
A90: =COUNTA($I$3:$I90) -> 88 | B90: 태블릿 운영 관리 | C90: 태블릿 기능 설정 | D90: 경기 진행 설정 영역 | E90: - | F90: 태블릿 드론영상 TTS | G90: - | H90: 1. 태블릿 드론영상 TTS 영역 확인 | I90: 1. 태블릿 드론영상 TTS 영역 제공됨 - 기능명 : 태블릿 드론영상 TTS[툴팁] - 상세 설명 : 태블릿 드론영상 내 텍스트 음성 변환 기능을 사용합니다. - 설정 : ON/OFF 토글 | J90: 태블릿 기능 설정 | K90: PASS
A91: =COUNTA($I$3:$I91) -> 89 | B91: 태블릿 운영 관리 | C91: 태블릿 기능 설정 | E91: - | G91: - | H91: 1. (i) 툴팁 버튼 선택 | I91: 1. 팝업 형태로 미리보기 화면 제공됨 - 타이틀 : 태블릿 드론영상 TTS - 문구 : 홀 진입전 태블릿에 송출되는 드론영상에 홀 공략법을 음성으로 읽어주는 기능 - [X] 버튼 - 미리보기 화면 - [닫기] 버튼 | J91: 태블릿 기능 설정 | K91: PASS
A92: =COUNTA($I$3:$I92) -> 90 | B92: 태블릿 운영 관리 | C92: 태블릿 기능 설정 | E92: - | G92: - | H92: 1. (i) 툴팁 버튼 선택 2. [X] 버튼 선택 | I92: 1. 팝업 닫힘 | J92: 태블릿 기능 설정 | K92: PASS
A93: =COUNTA($I$3:$I93) -> 91 | B93: 태블릿 운영 관리 | C93: 태블릿 기능 설정 | E93: - | G93: - | H93: 1. (i) 툴팁 버튼 선택 2. [닫기] 버튼 선택 | I93: 1. 팝업 닫힘 | J93: 태블릿 기능 설정 | K93: N/A
A94: =COUNTA($I$3:$I94) -> 92 | B94: 태블릿 운영 관리 | C94: 태블릿 기능 설정 | H94: 1. 토글 설정(ON or OFF) | I94: 1. 확인 팝업 제공됨 - 문구 : 설정을 변경하겠습니까? - [확인] / [취소] 버튼 | J94: 태블릿 기능 설정 | K94: PASS
A95: =COUNTA($I$3:$I95) -> 93 | B95: 태블릿 운영 관리 | C95: 태블릿 기능 설정 | E95: - | G95: - | H95: 1. 토글 설정(ON or OFF) 2. [취소] 버튼 선택 | I95: 1. 토글 설정 취소됨 | J95: 태블릿 기능 설정 | K95: PASS
A96: =COUNTA($I$3:$I96) -> 94 | B96: 태블릿 운영 관리 | C96: 태블릿 기능 설정 | E96: - | G96: - | H96: 1. 토글 ON 설정 2. [확인] 버튼 선택 | I96: 1. 토글 설정 완료됨 * 태블릿에 드론영상이 음성으로 제공됨 | J96: 태블릿 기능 설정 | K96: PASS | M96: 설정 동작 안함(태블릿 고도화때 확인 필요)
A97: =COUNTA($I$3:$I97) -> 95 | B97: 태블릿 운영 관리 | C97: 태블릿 기능 설정 | E97: - | G97: - | H97: 1. 토글 OFF 설정 2. [확인] 버튼 선택 | I97: 1. 토글 설정 완료됨 * 태블릿에 드론영상이 음성으로 비제공됨 | J97: 태블릿 기능 설정 | K97: PASS | M97: 설정 동작 안함(태블릿 고도화때 확인 필요)
A98: =COUNTA($I$3:$I98) -> 96 | B98: 태블릿 운영 관리 | C98: 태블릿 기능 설정 | D98: 경기 진행 설정 영역 | E98: - | F98: 긴급 호출 | G98: - | H98: 1. 긴급 호출 영역 확인 | I98: 1. 긴급 호출 영역 제공됨 - 기능명 : 긴급 호출[툴팁] - 상세 설명 : 태블릿에서 관제로 긴급 호출을 요청하는 기능을 사용합니다. - 설정 : ON/OFF 토글 | J98: 태블릿 기능 설정 | K98: PASS
A99: =COUNTA($I$3:$I99) -> 97 | B99: 태블릿 운영 관리 | C99: 태블릿 기능 설정 | E99: - | G99: - | H99: 1. (i) 툴팁 버튼 선택 | I99: 1. 팝업 형태로 미리보기 화면 제공됨 - 타이틀 : 긴급 호출 - 문구 : 태블릿에서 관제화면으로 긴급 호출을 할수있도록 태블릿 우측하단에 긴급버튼 노출시키는 기능 - [X] 버튼 - 미리보기 화면 - [닫기] 버튼 | J99: 태블릿 기능 설정 | K99: PASS
A100: =COUNTA($I$3:$I100) -> 98 | B100: 태블릿 운영 관리 | C100: 태블릿 기능 설정 | E100: - | G100: - | H100: 1. (i) 툴팁 버튼 선택 2. [X] 버튼 선택 | I100: 1. 팝업 닫힘 | J100: 태블릿 기능 설정 | K100: PASS
...

Sheet 홀맵 관리
A1: No. | C1: 화면 | F1: 기능 | G1: 사전 조건 | H1: 절차 | I1: 예상결과 | J1: 기획서 | K1: QA 확인 결과 | L1: JIRA | M1: 비고 | N1: 담당자
B2: 0 dapth | C2: 1 depth | D2: 2 depth | E2: 3 depth
A3: =COUNTA($I$3:$I3) -> 1 | B3: 홀맵 관리 | C3: 홀맵 구역 관리 | F3: 제공 정보 | H3: 1. [홀맵 구역 관리] 메뉴 진입 | I3: 1. 홀맵 구역 관리 진입됨 2. 아래 정보 노출됨 - 메뉴 설명 영역 - 검색 영역 - 홀맵구역 테이블 영역 | J3: 홀맵구역관리 | K3: FAIL | L3: QA-14818 | M3: 홀맵 구역 관리로 노출됨 (기획서 SBN : 홀맵 구역 설정)
A4: =COUNTA($I$3:$I4) -> 2 | D4: 메뉴 설명 영역 | F4: 제공 정보 | H4: 1. 메뉴 설명 영역 확인 | I4: 1. 아래 정보 노출됨 - Title : 홀맵 구역 관리 - 문구 : 페어웨이 진입 알림 설정과 코스별 허용 상태를 관리하고, 홀맵 구역 데이터를 조회할 수 있습니다. - [현재버전 ##▲#] | J4: 홀맵구역관리 | K4: PASS
A5: =COUNTA($I$3:$I5) -> 3 | F5: 랜딩 | G5: 1. 업데이트 가능한 버전이 있는 경우 | H5: 1. [현재버전 ##▲#] 버튼 선택 | I5: 1. 알림 팝업 노출됨 - Title : 알림 - 문구 : 버전을 올리시겠습니까? - [취소], [확인] 버튼 | J5: - | K5: PASS | M5: 기획서 없음
A6: =COUNTA($I$3:$I6) -> 4 | F6: 랜딩 | G6: 1. 업데이트 가능한 버전이 있는 경우 2. 버전 업데이트 알림 팝업 노출된 상태 | H6: 1. [취소] 버튼 선택 | I6: 1. 팝업 닫히며, 이전 화면으로 전환됨 | J6: - | K6: PASS | M6: 기획서 없음
A7: =COUNTA($I$3:$I7) -> 5 | F7: 랜딩 | G7: 1. 업데이트 가능한 버전이 있는 경우 2. 버전 업데이트 알림 팝업 노출된 상태 | H7: 1. [확인] 버튼 선택 | I7: 1. 토스트 팝업 노출됨 - 문구 : 버전이 업데이트 되었습니다. | J7: - | K7: PASS | M7: 기획서 없음
A8: =COUNTA($I$3:$I8) -> 6 | D8: 검색영역 | F8: 제공 정보 | H8: 1. 검색 영역 확인 | I8: 1. 아래 정보 노출됨 - [전체코스v] 필터 - [전체홀v] 필터 - [전체구역v] 필터 - [초기화] 버튼 [적용] 버튼 | J8: 홀맵구역관리 | K8: PASS
A9: =COUNTA($I$3:$I9) -> 7 | F9: 코스 필터 | H9: 1. 코스필터 (코스 전체v) 선택 2. 코스 전체 선택 3. [적용] 버튼 선택 | I9: 1. 코스 리스트 노출됨 2. 코스 전체 설정됨 3. 모든코스의 홀맵구역 정보 노출됨 | J9: 홀맵구역관리 | K9: PASS
A10: =COUNTA($I$3:$I10) -> 8 | F10: 코스 필터 | H10: 1. 코스필터 (코스 전체v) 선택 2. 임의의 코스 선택 3. [적용] 버튼 선택 | I10: 1. 코스 리스트 노출됨 2. 선택한 코스 설정됨 3. 설정한 코스의 홀맵구역 정보 노출됨 | J10: 홀맵구역관리 | K10: PASS
A11: =COUNTA($I$3:$I11) -> 9 | F11: 홀 필터 | H11: 1. 홀필터 (홀 전체v) 선택 2. 홀 전체 선택 3. [적용] 버튼 선택 | I11: 1. 홀 리스트 노출됨 2. 홀 전체 설정됨 3. 모든홀의 홀맵구역 정보 노출됨 | J11: 홀맵구역관리 | K11: PASS
A12: =COUNTA($I$3:$I12) -> 10 | F12: 홀 필터 | G12: 1. 임의의 코스 선택된 상태 | H12: 1. 홀필터 (홀 전체v) 선택 2. 임의의 홀 선택 3. [적용] 버튼 선택 | I12: 1. 홀 리스트 노출됨 2. 선택한 홀 설정됨 3. 설정한 홀의 홀맵구역 정보 노출됨 | J12: 홀맵구역관리 | K12: PASS
A13: =COUNTA($I$3:$I13) -> 11 | F13: 구역 필터 | H13: 1. 구역필터 (구역 전체v) 선택 2. 구역 전체 선택 3. [적용] 버튼 선택 | I13: 1. 구역 리스트 노출됨 2. 구역 전체 설정됨 3. 모든구역의 구역맵구역 정보 노출됨 | J13: 홀맵구역관리 | K13: PASS
A14: =COUNTA($I$3:$I14) -> 12 | F14: 구역 필터 | H14: 1. 구역필터 (구역 전체v) 선택 2. 임의의 구역 선택 3. [적용] 버튼 선택 | I14: 1. 구역 리스트 노출됨 2. 선택한 구역 설정됨 3. 설정한 구역의 구역맵구역 정보 노출됨 | J14: 홀맵구역관리 | K14: PASS | L14: QA-14819 | M14: 거리표시, 특정 위치 알림, 다음 홀 방향 필터 시, 모든 항목 노출됨
A15: =COUNTA($I$3:$I15) -> 13 | F15: 초기화 버튼 | H15: 1. 코스, 홀, 구역 설정 2. [초기화] 버튼 선택 | I15: 1. 코스, 홀, 구역 필터 초기화됨 - 전체코스, 전체홀, 전체구역 | J15: 홀맵구역관리 | K15: PASS
A16: =COUNTA($I$3:$I16) -> 14 | F16: 적용 버튼 | H16: 1. 코스, 홀, 구역 설정 2. [적용] 버튼 선택 | I16: 1. 코스, 홀, 구역 설정됨 2. 설정한 코스, 홀, 구역의 정보 필터되어 노출됨 | J16: 홀맵구역관리 | K16: PASS
A17: =COUNTA($I$3:$I17) -> 15 | D17: 홀맵구역 테이블 영역 | F17: 제공 정보 | H17: 1. 홀맵구역 테이블 확인 | I17: 1. 아래 정보 노출됨 - No. / 코스 / 홀 / PAR / 야디지 / 위험구역 / OB구역 / 패널티구역 / 뒷카트알림 / 거리표시 / 특정 위치 알림 / 다음 홀 방향 / 관리 / 작업자 / 아이피 / 등록날짜 | J17: 홀맵구역관리 | K17: PASS
A18: =COUNTA($I$3:$I18) -> 16 | F18: 제공 정보 | H18: 1. 각 구역별 정보 확인 | I18: 1. 각 구역별 정보 노출됨 - No. / 코스 / 홀 / PAR / 야디지 / 위험구역 / OB구역 / 패널티구역 / 뒷카트알림 / 거리표시 / 특정 위치 알림 / 다음 홀 방향 / 관리 / 작업자 / 아이피 / 등록날짜 | J18: 홀맵구역관리 | K18: PASS
A19: =COUNTA($I$3:$I19) -> 17 | F19: 제공 정보 | H19: 1. 코스, 홀, 구역 변경 2. [적용] 버튼 선택 3. 홀맵구역 테이블 확인 | I19: 1. 코스, 홀, 구역 선택됨 2. 변경사항 적용됨 3. 변경된 코스, 홀, 구역의 홀맵구역 테이블 정보 노출됨 | J19: 홀맵구역관리 | K19: PASS
A20: =COUNTA($I$3:$I20) -> 18 | E20: 구역관리 레이어 팝업 | F20: 랜딩 | H20: 1. [구역관리] 버튼 선택 | I20: 1. 구역 관리 레이어 팝업 노출됨 | J20: 홀맵구역관리 | K20: PASS
A21: =COUNTA($I$3:$I21) -> 19 | F21: 제공 정보 | G21: 1. 구역관리 레이어 팝업 노출된 상태 | H21: 1. 구역 관리 레이어 팝업 확인 | I21: 1. 아래 정보 노출됨 - Title : 구역관리 - 코스, 홀, 파 - 등록 일시 - [X] 버튼 | J21: 홀맵구역관리 | K21: PASS
A22: =COUNTA($I$3:$I22) -> 20 | F22: 제공 정보 | H22: 1. 지도 영역 확인 | I22: 1. 아래 정보 노출됨 - Tool tip : ⓘ지도 위에 직접 표시하는 작업 공간 [X] 버튼 | J22: 홀맵구역관리 | K22: PASS
A23: =COUNTA($I$3:$I23) -> 21 | F23: 랜딩 | H23: 1. 툴팁 - [X] 버튼 선택 | I23: 1. 툴팁 닫힘 | J23: 홀맵구역관리 | K23: PASS
A24: =COUNTA($I$3:$I24) -> 22 | F24: 랜딩 | H24: 1. 구역관리 레이어 팝업 재진입 | I24: 1. 툴팁 노출됨 | J24: 홀맵구역관리 | K24: PASS
A25: =COUNTA($I$3:$I25) -> 23 | F25: 랜딩 | G25: 1. 구역관리 레이어 팝업 노출된 상태 | H25: 1. [X] 버튼 선택 | I25: 1. 팝업 닫히며, 이전 화면으로 전환됨 | J25: 홀맵구역관리 | K25: PASS
A26: =COUNTA($I$3:$I26) -> 24 | E26: 구역관리 레이어 팝업 > 지도 옵션 | F26: 제공 정보 | G26: 1. 구역관리 레이어 팝업 노출된 상태 | H26: 1. 지도 옵션 영역 확인 | I26: 1. 아래 정보 노출됨 - Title : 지도 옵션 - 지도/위성/홀맵 /정보 radio Btn | J26: 홀맵구역관리 | K26: FAIL | L26: QA-14818 | M26: "지도유형"으로 노출됨
A27: =COUNTA($I$3:$I27) -> 25 | F27: 지도 | G27: 1. 구역관리 레이어 팝업 노출된 상태 | H27: 1. [지도] 라디오버튼 선택 2. 지도 영역 확인 3. [+] 버튼 [-] 버튼 | I27: 1. 지도 라디오버튼 활성화됨 2. 지도 화면 노출됨 3. 지도 화면 확대/축소됨 | J27: 홀맵구역관리 | K27: PASS | L27: QA-14826 | M27: 축소 시 줌 레벨이 올라감.
A28: =COUNTA($I$3:$I28) -> 26 | F28: 위성 | G28: 1. 구역관리 레이어 팝업 노출된 상태 | H28: 1. [위성] 라디오버튼 선택 2. 지도 영역 확인 3. [+] 버튼 [-] 버튼 | I28: 1. 위성 라디오버튼 활성화됨 2. 위성 화면 노출됨 3. 위성 화면 확대/축소됨 | J28: 홀맵구역관리 | K28: PASS | L28: QA-14826 | M28: 축소 시 줌 레벨이 올라감.
A29: =COUNTA($I$3:$I29) -> 27 | F29: 홀맵 | G29: 1. 구역관리 레이어 팝업 노출된 상태 | H29: 1. [홀맵] 라디오버튼 선택 2. 지도 영역 확인 | I29: 1. 홀맵 라디오버튼 활성화됨 2. 홀맵 화면 노출되며, 홀맵 주변 지형들도 노출됨 | J29: 홀맵구역관리 | K29: PASS
A30: =COUNTA($I$3:$I30) -> 28 | F30: 홀맵 | G30: 1. 구역관리 레이어 팝업 노출된 상태 2. 지도유형 - [홀맵] 라디오 버튼 선택된 상태 | H30: 1. [+], [-] 버튼 확인 | I30: 1. 비활성화 되어있음 | J30: 홀맵구역관리 | K30: PASS | L30: QA-14830 | M30: 지도유형 - 홀맵 선택 시, [+], [-] 버튼 활성화 되어있음.
A31: =COUNTA($I$3:$I31) -> 29 | F31: 정보 | G31: 1. 구역관리 레이어 팝업 노출된 상태 | H31: 1. [정보] 라디오버튼 선택 2. 지도 영역 확인 3. [+] 버튼 [-] 버튼 | I31: 1. 정보 라디오버튼 활성화됨 2. 정보 화면 노출됨 3. 정보 화면 확대/축소됨 | J31: 홀맵구역관리 | K31: PASS
A32: =COUNTA($I$3:$I32) -> 30 | E32: 구역관리 레이어 팝업 > 설정 탭 | F32: 위험구역 설정 | H32: 1. [위험구역 설정] 선택 | I32: 1. 하단에 기능 안내 팝업 노출됨 - Title : 위험구역 추가 [X] 버튼 - 문구 : 지도 위 꼭짓점을 클릭하여 위험구역 영역을 지정하세요. | J32: - | K32: PASS | M32: 기획서 없음
A33: =COUNTA($I$3:$I33) -> 31 | F33: 위험구역 설정 | G33: 1. 위험구역 설정 안내 팝업 노출된 상태 | H33: 1. [X] 버튼 선택 | I33: 1. 팝업 닫히며 이전 화면으로 전환됨 | K33: PASS
A34: =COUNTA($I$3:$I34) -> 32 | F34: 위험구역 설정 | H34: 1. 지도 화면 클릭 2. 마우스 이용하여 구역 그리기 | I34: 1. 우측 지도 영역에서 구역을 그릴 수 있도록 마우스 동작 활성화됨 2. 영역 표시되며, 좌표 선택중 팝업 노출됨 - Title : 좌표 선택중 - 문구 : 꼭짓점을 계속 클릭하고, 완료 후 "추가" 버튼을 누르세요. (위험구역)? - 전체면적 : 1296.63㎡ (13956.75 ft²) - 총 거리 : 165.11m (541.71 ft) - [취소] 버튼 [추가] 버튼 | J34: 홀맵구역관리 | K34: PASS
A35: =COUNTA($I$3:$I35) -> 33 | F35: 위험구역 설정 | G35: 1. 위험구역 추가 팝업 노출된 상태 | H35: 1. [취소] 버튼 선택 | I35: 1. 팝업 닫히며 이전 화면으로 전환됨 | J35: 홀맵구역관리 | K35: PASS
A36: =COUNTA($I$3:$I36) -> 34 | F36: 위험구역 설정 | G36: 1. 위험구역 추가 팝업 노출된 상태 | H36: 1. [등록] 버튼 선택 | I36: 1. 설정한 영역이 위험 구역으로 등록됨 | J36: 홀맵구역관리 | K36: PASS
A37: =COUNTA($I$3:$I37) -> 35 | F37: 플레이 영역 설정 > OB 설정 | H37: 1. 플레이구역 설정 클릭 2. OB 설정 클릭 3. 마우스 이용하여 점을 찍어 선 그리기 | I37: 1. 플레이구역 설정 메뉴 펼쳐짐 2. 우측 지도 영역에서 점을 찍으며 선을 그릴수 있도록 마우스 동작 활성화됨 3. 처음에 OB 라고 표시되는 텍스트가 중앙에 표시되며, 구역 추가 여부를 묻는 팝업 노출됨 - Title : 좌표 선택중 - 문구 : 꼭짓점을 계속 클릭하고, 완료 후 "추가" 버튼을 누르세요. (OB구역) - 총 거리 : 120.66m (395.85 ft) - [취소] [---추가] 버튼 | J37: 홀맵구역관리 | K37: PASS | L37: QA-14835 | M37: 플레이 영역 설정의 경우, 컬러 원형 도형 미노출됨.
A38: =COUNTA($I$3:$I38) -> 36 | F38: 플레이 영역 설정 > OB 설정 | G38: 1. 위험구역 추가 팝업 노출된 상태 | H38: 1. [취소] 버튼 선택 | I38: 1. 팝업 닫히며 이전 화면으로 전환됨 | J38: 홀맵구역관리 | K38: PASS
A39: =COUNTA($I$3:$I39) -> 37 | F39: 플레이 영역 설정 > OB 설정 | G39: 1. 위험구역 추가 팝업 노출된 상태 | H39: 1. [추가] 버튼 선택 | I39: 1. 설정한 영역이 위험 구역으로 등록됨 | J39: 홀맵구역관리 | K39: PASS
A40: =COUNTA($I$3:$I40) -> 38 | F40: 플레이 영역 설정 > OB 설정 | G40: 1. OB 선 그려져있는 상태 | H40: 1. 마우스 드래그하여 텍스트 위치 변경 | I40: 1. 텍스트 위치 변경됨 | J40: 홀맵구역관리 | K40: PASS
A41: =COUNTA($I$3:$I41) -> 39 | F41: 플레이 영역 설정 > OB 설정 | G41: 1. OB 선 그려져있는 상태 | H41: 1. 산 추가 그리기 | I41: 1. 총 거리’ 가 재계산 되면서 [구역추가] 여부를 묻는 팝업 노출됨 | J41: 홀맵구역관리 | K41: PASS
A42: =COUNTA($I$3:$I42) -> 40 | F42: 플레이 영역 설정 > OB 설정 | G42: 1. OB 선 그려져있는 상태 | H42: 1. 마우스 우클릭 | I42: 1. [복사][삭제] 툴팁 노출됨 | J42: 홀맵구역관리 | K42: PASS | L42: QA-14848 | M42: "OB생성" 노출됨
A43: =COUNTA($I$3:$I43) -> 41 | F43: 플레이 영역 설정 > OB 설정 | G43: 1. OB 선 그려져있는 상태 2. 마우스 우클릭하여 툴팁 노출된 상태 | H43: 1. [복사] 선택 | I43: 1. 텍스트 하나 더 복제됨 | J43: 홀맵구역관리 | K43: PASS | L43: QA-14848 | M43: "OB생성" 노출됨
A44: =COUNTA($I$3:$I44) -> 42 | F44: 플레이 영역 설정 > OB 설정 | G44: 1. OB 선 그려져있는 상태 2. 마우스 우클릭하여 툴팁 노출된 상태 | H44: 1. [삭제] 선택 | I44: 1. 텍스트 삭제됨 | J44: 홀맵구역관리 | K44: PASS | L44: QA-14848 | M44: "OB생성" 노출됨
A45: =COUNTA($I$3:$I45) -> 43 | F45: 플레이 영역 설정 > OB 설정 | H45: 1. 플레이구역 설정 클릭 2. PA 설정 클릭 3. 마우스 이용하여 점을 찍어 선 그리기 | I45: 1. 플레이구역 설정 메뉴 펼쳐짐 2. 우측 지도 영역에서 점을 찍으며 선을 그릴수 있도록 마우스 동작 활성화됨 3. 처음에 PA 라고 표시되는 텍스트가 중앙에 표시되며, 구역 추가 여부를 묻는 팝업 노출됨 - Title : 좌표 선택중 - 문구 : 꼭짓점을 계속 클릭하고, 완료 후 "추가" 버튼을 누르세요. (패널티구역) - 총 거리 : 120.66m (395.85 ft) - [취소] [---추가] 버튼 | J45: 홀맵구역관리 | K45: PASS
A46: =COUNTA($I$3:$I46) -> 44 | F46: 플레이 영역 설정 > OB 설정 | G46: 1. 위험구역 추가 팝업 노출된 상태 | H46: 1. [취소] 버튼 선택 | I46: 1. 팝업 닫히며 이전 화면으로 전환됨 | J46: 홀맵구역관리 | K46: PASS
A47: =COUNTA($I$3:$I47) -> 45 | F47: 플레이 영역 설정 > OB 설정 | G47: 1. 위험구역 추가 팝업 노출된 상태 | H47: 1. [등록] 버튼 선택 | I47: 1. 설정한 영역이 위험 구역으로 등록됨 | J47: 홀맵구역관리 | K47: PASS
A48: =COUNTA($I$3:$I48) -> 46 | F48: 플레이 영역 설정 > OB 설정 | G48: 1. PA 선 그려져있는 상태 | H48: 1. 마우스 드래그하여 텍스트 위치 변경 | I48: 1. 텍스트 위치 변경됨 | J48: 홀맵구역관리 | K48: PASS
A49: =COUNTA($I$3:$I49) -> 47 | F49: 플레이 영역 설정 > OB 설정 | G49: 1. PA 선 그려져있는 상태 | H49: 1. 산 추가 그리기 | I49: 1. 총 거리’ 가 재계산 되면서 [구역추가] 여부를 묻는 팝업 노출됨 | J49: 홀맵구역관리 | K49: PASS
A50: =COUNTA($I$3:$I50) -> 48 | F50: 플레이 영역 설정 > OB 설정 | G50: 1. PA 선 그려져있는 상태 | H50: 1. 마우스 우클릭 | I50: 1. [복사][삭제] 툴팁 노출됨 | J50: 홀맵구역관리 | K50: PASS | L50: QA-14848 | M50: "PA생성" 노출됨
A51: =COUNTA($I$3:$I51) -> 49 | F51: 플레이 영역 설정 > OB 설정 | G51: 1. PA 선 그려져있는 상태 2. 마우스 우클릭하여 툴팁 노출된 상태 | H51: 1. [복사] 선택 | I51: 1. 텍스트 하나 더 복제됨 | J51: 홀맵구역관리 | K51: PASS | L51: QA-14848 | M51: "PA생성" 노출됨
A52: =COUNTA($I$3:$I52) -> 50 | F52: 플레이 영역 설정 > OB 설정 | G52: 1. PA 선 그려져있는 상태 2. 마우스 우클릭하여 툴팁 노출된 상태 | H52: 1. [삭제] 선택 | I52: 1. 텍스트 삭제됨 | J52: 홀맵구역관리 | K52: PASS | L52: QA-14848 | M52: "PA생성" 노출됨
A53: =COUNTA($I$3:$I53) -> 51 | F53: 거리표시 지점 설정 | H53: 1. 거리표시 지점 설정 클릭 2. 마우스 이용하여 점 찍기 | I53: 1. 우측 지도 영역에서 점을 찍을수 있도록 마우스 동작 활성화됨 2. 생성된 점 위에 노란 플래그 노출되며, 지점명 추가 필드 노출됨 - Placeholder : 예: 그린입구, 그린 끝, 헤저드, 벙커 - [취소] [추가] 버튼 | J53: 홀맵구역관리 | K53: PASS
A54: =COUNTA($I$3:$I54) -> 52 | F54: 거리표시 지점 설정 | G54: 1. 거리표시지점 추가 여부를 묻는 팝업 노출된 상태 | H54: 1. [취소] 버튼 선택 | I54: 1. 입력 필드 닫힘 | J54: 홀맵구역관리 | K54: PASS
A55: =COUNTA($I$3:$I55) -> 53 | F55: 거리표시 지점 설정 | G55: 1. 거리표시지점 추가 여부를 묻는 팝업 노출된 상태 | H55: 1. [추가] 버튼 선택 | I55: 1. 선택한 위치가 거리표시 지점으로 등록됨 | J55: 홀맵구역관리 | K55: PASS
A56: =COUNTA($I$3:$I56) -> 54 | F56: 거리표시 지점 설정 | H56: 1. 마우스 드래그하여 플래그 위치 변경 | I56: 1. 플래그 위치 변경됨 | J56: 홀맵구역관리 | K56: PASS
A57: =COUNTA($I$3:$I57) -> 55 | F57: 거리표시 지점 설정 | H57: 1. 화면 추가 클릭 | I57: 1-1. '총 거리 재계산됨 1-2. 추가 포인트의 이름 입력 팝업 노출됨 - Title : 거리 표시 지점명 입력 - 문구 : 추가한 포인트가 어떤 지점인지 입력해 주세요. - 지졈명 입력 필드 -- Place holder : 예 : 그린입구, 그린 끝, 해저드, 벙커 - [취소] 버튼 [추가] 버튼 | J57: 홀맵구역관리 | K57: PASS
A58: =COUNTA($I$3:$I58) -> 56 | F58: 거리표시 지점 설정 | G58: 1. 추가 포인트의 이름 입력 팝업 노출된 상태 | H58: 1. 이름 입력 필드 선택 2. 텍스트 입력 3. 20자 이상 입력 | I58: 1. 입력 필드에 커서 위치됨 2. 텍스트 입력됨 3. 20자까지 입력됨 | J58: 홀맵구역관리 | K58: PASS
A59: =COUNTA($I$3:$I59) -> 57 | F59: 거리표시 지점 설정 | G59: 1. 추가 포인트의 이름 입력 팝업 노출된 상태 | H59: 1. [취소] 버튼 선택 | I59: 1. 입력 필드 닫히며 이전 화면으로 전환됨 | J59: 홀맵구역관리 | K59: PASS
A60: =COUNTA($I$3:$I60) -> 58 | F60: 거리표시 지점 설정 | G60: 1. 추가 포인트의 이름 입력 팝업 노출된 상태 | H60: 1. [추가] 버튼 선택 | I60: 1. 선택한 위치가 거리표시 지점으로 등록됨 | J60: 홀맵구역관리 | K60: PASS
A61: =COUNTA($I$3:$I61) -> 59 | F61: 특정 위치 알림 설정 | H61: 1. [특정 위치 알림 설정] 선택 | I61: 1. 지도 화면에 카트패스선 노출됨 | J61: 홀맵구역관리 | K61: PASS
A62: =COUNTA($I$3:$I62) -> 60 | F62: 특정 위치 알림 설정 | H62: 1. 카트패스 위에 특정 위치 선택 | I62: 1. 선택한 위치에 초록색 점 표시되며, 특정 위치 알림 설정 영역 노출됨 - [위험] [안내] [주의] 칩 - 입력필드 - [취소] 버튼 [적용] 버튼 | J62: 홀맵구역관리 | K62: PASS
A63: =COUNTA($I$3:$I63) -> 61 | F63: 특정 위치 알림 설정 | G63: 1. 카트패스 위에 특정 위치 선택된 상태 | H63: 1. 특정 위치 알림 설정 영역 확인 | I63: 1. 아래 정보 노출됨 - Title : 특정 위치 알림 설정 - 문구 : - [위험] [안내] [주의] 칩 - Title : 노출 문구 입력 - 노출 문구 입력 필드 -- Place holder : 예 : 전방 카트 진입 구간입니다. 서행해 주세요. - [취소] 버튼 [적용] 버튼 | J63: 홀맵구역관리 | K63: PASS
A64: =COUNTA($I$3:$I64) -> 62 | F64: 특정 위치 알림 설정 | G64: 1. 카트패스 위에 특정 위치 선택된 상태 2. 특정 위치 알림 설정 영역 노출된 상태 | H64: 1. 위험 체크박스 선택 | I64: 1. 체크박스 활성화되며, 노출 문구 입력 필드 활성화됨 | J64: 홀맵구역관리 | K64: PASS
A65: =COUNTA($I$3:$I65) -> 63 | F65: 특정 위치 알림 설정 | G65: 1. 위험 체크박스 선택된 상태 | H65: 1. 노출 문구 입력 필드 선택 2. 텍스트 입력 3. 100자 이상 입력 | I65: 1. 입력 필드에 커서 위치됨 2. 텍스트 입력됨 3. 100자까지 입력됨 | J65: 홀맵구역관리 | K65: PASS
A66: =COUNTA($I$3:$I66) -> 64 | F66: 특정 위치 알림 설정 | G66: 1. 위험 체크박스 선택된 상태 | H66: 1. 노출 문구 입력 필드 선택 2. 텍스트 입력 3. [취소] 버튼 선택 | I66: 1. 입력 필드에 커서 위치됨 2. 텍스트 입력됨 3. 입력 취소되며, 입력한 내용 저장되지 않음. | J66: 홀맵구역관리 | K66: PASS
A67: =COUNTA($I$3:$I67) -> 65 | F67: 특정 위치 알림 설정 | G67: 1. 위험 체크박스 선택된 상태 | H67: 1. 노출 문구 입력 필드 선택 2. 텍스트 입력 3. [적용] 버튼 선택 | I67: 1. 입력 필드에 커서 위치됨 2. 텍스트 입력됨 3. 입력한 내용 저장되며, 해당 문구 노출됨 | J67: 홀맵구역관리 | K67: PASS
A68: =COUNTA($I$3:$I68) -> 66 | F68: 특정 위치 알림 설정 | G68: 1. 카트패스 위에 특정 위치 선택된 상태 2. 특정 위치 알림 설정 영역 노출된 상태 | H68: 1. 안내 체크박스 선택 | I68: 1. 체크박스 활성화되며, 노출 문구 입력 필드 활성화됨 | J68: 홀맵구역관리 | K68: PASS
A69: =COUNTA($I$3:$I69) -> 67 | F69: 특정 위치 알림 설정 | G69: 1. 안내 체크박스 선택된 상태 | H69: 1. 노출 문구 입력 필드 선택 2. 텍스트 입력 3. 100자 이상 입력 | I69: 1. 입력 필드에 커서 위치됨 2. 텍스트 입력됨 3. 100자까지 입력됨 | J69: 홀맵구역관리 | K69: PASS
A70: =COUNTA($I$3:$I70) -> 68 | F70: 특정 위치 알림 설정 | G70: 1. 안내 체크박스 선택된 상태 | H70: 1. 노출 문구 입력 필드 선택 2. 텍스트 입력 3. [취소] 버튼 선택 | I70: 1. 입력 필드에 커서 위치됨 2. 텍스트 입력됨 3. 입력 취소되며, 입력한 내용 저장되지 않음. | J70: 홀맵구역관리 | K70: PASS
A71: =COUNTA($I$3:$I71) -> 69 | F71: 특정 위치 알림 설정 | G71: 1. 안내 체크박스 선택된 상태 | H71: 1. 노출 문구 입력 필드 선택 2. 텍스트 입력 3. [적용] 버튼 선택 | I71: 1. 입력 필드에 커서 위치됨 2. 텍스트 입력됨 3. 입력한 내용 저장되며, 해당 문구 노출됨 | J71: 홀맵구역관리 | K71: PASS
A72: =COUNTA($I$3:$I72) -> 70 | F72: 특정 위치 알림 설정 | G72: 1. 카트패스 위에 특정 위치 선택된 상태 2. 특정 위치 알림 설정 영역 노출된 상태 | H72: 1. 주의 체크박스 선택 | I72: 1. 체크박스 활성화되며, 노출 문구 입력 필드 활성화됨 | J72: 홀맵구역관리 | K72: PASS
A73: =COUNTA($I$3:$I73) -> 71 | F73: 특정 위치 알림 설정 | G73: 1. 주의 체크박스 선택된 상태 | H73: 1. 노출 문구 입력 필드 선택 2. 텍스트 입력 3. 100자 이상 입력 | I73: 1. 입력 필드에 커서 위치됨 2. 텍스트 입력됨 3. 100자까지 입력됨 | J73: 홀맵구역관리 | K73: PASS
A74: =COUNTA($I$3:$I74) -> 72 | F74: 특정 위치 알림 설정 | G74: 1. 주의 체크박스 선택된 상태 | H74: 1. 노출 문구 입력 필드 선택 2. 텍스트 입력 3. [취소] 버튼 선택 | I74: 1. 입력 필드에 커서 위치됨 2. 텍스트 입력됨 3. 입력 취소되며, 입력한 내용 저장되지 않음. | J74: 홀맵구역관리 | K74: PASS
A75: =COUNTA($I$3:$I75) -> 73 | F75: 특정 위치 알림 설정 | G75: 1. 주의 체크박스 선택된 상태 | H75: 1. 노출 문구 입력 필드 선택 2. 텍스트 입력 3. [적용] 버튼 선택 | I75: 1. 입력 필드에 커서 위치됨 2. 텍스트 입력됨 3. 입력한 내용 저장되며, 해당 문구 노출됨 | J75: 홀맵구역관리 | K75: PASS
A76: =COUNTA($I$3:$I76) -> 74 | F76: 뒷카트 알림 설정 | H76: 1. [뒷카트 알림 설정] 선택 | I76: 1. 지도 화면에 영역 추가 포인터 활성화됨 | J76: 홀맵구역관리 | K76: PASS
A77: =COUNTA($I$3:$I77) -> 75 | F77: 뒷카트 알림 설정 | H77: 1. 마우스 클릭하여 영역 설정 | I77: 1. 우측 지도 영역에서 점을 찍으며 선을 그릴수 있도록 마우스 동작 활성화됨 3. 구역 추가 여부를 묻는 팝업 노출됨 - Title : 좌표 선택중 - 문구 : 꼭짓점을 계속 클릭하고, 완료 후 "추가" 버튼을 누르세요. (특정구역) - 총 거리 : 120.66m (395.85 ft) - [취소] [추가] 버튼 | J77: 홀맵구역관리 | K77: PASS | L77: QA-14842 | M77: 뒷카트 알림 설정 선택 시, 하단 설명에 "특정구역 추가" 노출되는 현상
A78: =COUNTA($I$3:$I78) -> 76 | F78: 뒷카트 알림 설정 | G78: 1. 구역 추가 여부를 묻는 팝업 노출된 상태 | H78: 1. [취소] 버튼 선택 | I78: 1. 구역 추가 취소되며, 이전 화면으로 전환됨 | J78: 홀맵구역관리 | K78: PASS
A79: =COUNTA($I$3:$I79) -> 77 | F79: 뒷카트 알림 설정 | G79: 1. 안내 체크박스 선택된 상태 | H79: 1. [등록] 버튼 선택 | I79: 1. 해당 구역이 뒷카트 알림 구역으로 설정되며 등록 목록에 추가됨 | J79: 홀맵구역관리 | K79: PASS
A80: =COUNTA($I$3:$I80) -> 78 | F80: 뒷카트 알림 설정 | G80: 1. 뒷카트 알림 구역 설정된 상태 | H80: 1. 마우스 클릭하여 영역 추가 설정 | I80: 1. 우측 지도 영역에서 점을 찍으며 선을 그릴수 있도록 마우스 동작 활성화됨 3. 구역 추가 여부를 묻는 팝업 노출됨 - Title : 좌표 선택중 - 문구 : 꼭짓점을 계속 클릭하고, 완료 후 "추가" 버튼을 누르세요. (특정구역) - 총 거리 : 120.66m (395.85 ft) - [취소] [추가] 버튼 | J80: 홀맵구역관리 | K80: PASS | L80: QA-14842 | M80: 뒷카트 알림 설정 선택 시, 하단 설명에 "특정구역 추가" 노출되는 현상
A81: =COUNTA($I$3:$I81) -> 79 | F81: 뒷카트 알림 설정 | G81: 1. 뒷카트 알림 구역 설정된 상태 2. 추가 선택된 상태 | H81: 1. [추가] 버튼 선택 | I81: 1. 뒷카트 알림 구역 추가됨 | J81: 홀맵구역관리 | K81: PASS
A82: =COUNTA($I$3:$I82) -> 80 | F82: 다음 홀 방향 | H82: 1. [다음 홀 방향] 선택 | I82: 1. 다음 홀 방향 설정 팝업 노출됨 - Title : 다음 홀 방향 설정 - 문구 : 아래 4개의 분기 중 하나의 화살표를 선택해주세요. - 네개의 방향안내판 - [취소] 버튼 [추가] 버튼 | J82: 홀맵구역관리 | K82: PASS | M82: 방향 5개 노출됨
A83: =COUNTA($I$3:$I83) -> 81 | F83: 다음 홀 방향 | G83: 1. 다음 홀 방향 설정 팝업 노출된 상태 | H83: 1. [취소] 버튼 선택 | I83: 1. 팝업 닫히며 이전 화면으로 전환됨 | J83: 홀맵구역관리 | K83: PASS
A84: =COUNTA($I$3:$I84) -> 82 | F84: 다음 홀 방향 | G84: 1. 다음 홀 방향 설정 팝업 노출된 상태 | H84: 1. 방향지시 선택지의 화살표 선택 | I84: 1. 선택한 화살표의 체크박스 활성화됨 | J84: 홀맵구역관리 | K84: PASS
A85: =COUNTA($I$3:$I85) -> 83 | F85: 다음 홀 방향 | G85: 1. 다음 홀 방향 설정 팝업 노출된 상태 2, 방향지시 선택지의 화살표 선택된 상태 | H85: 1. 다른 화살표 선택 | I85: 1. 재선택한 화살표의 체크박스 활성화됨 - 9개 중 1개의 화살표만 선택 가능 | J85: 홀맵구역관리 | K85: PASS
A86: =COUNTA($I$3:$I86) -> 84 | F86: 다음 홀 방향 | G86: 1. 다음 홀 방향 설정 팝업 노출된 상태 2, 방향지시 선택지의 화살표 선택된 상태 | H86: 1. [취소] 버튼 선택 | I86: 1. 팝업 닫히며 이전 화면으로 전환됨 | J86: 홀맵구역관리 | K86: PASS
A87: =COUNTA($I$3:$I87) -> 85 | F87: 다음 홀 방향 | G87: 1. 다음 홀 방향 설정 팝업 노출된 상태 2, 방향지시 선택지의 화살표 선택된 상태 | H87: 1. [추가] 버튼 선택 | I87: 1. 선택한 방향이 다음 홀 방향으로 추가되어, 등록목록에 노출됨 | J87: 홀맵구역관리 | K87: PASS
A88: =COUNTA($I$3:$I88) -> 86 | E88: 구역관리 레이어 팝업 > 등록 목록 | F88: 위험구역 | G88: 1. 위험구역 추가된 상태 | H88: 1. 위험구역 선택 2. [삭제] 버튼 선택 | I88: 1. 구역 삭제 여부를 묻는 팝업 노출됨 - Title : 삭제 확인 - 문구 : 위험구역1 을 삭제하시겠습니까? - [취소] 버튼 [삭제] 버튼 | J88: 홀맵구역관리 | K88: PASS
A89: =COUNTA($I$3:$I89) -> 87 | F89: 위험구역 | G89: 1. 위험구역 삭제 팝업 노출된 상태 | H89: 1. [취소] 버튼 선택 | I89: 1. 팝업 닫히며 이전 화면으로 전환됨 | J89: 홀맵구역관리 | K89: PASS
A90: =COUNTA($I$3:$I90) -> 88 | F90: 위험구역 | G90: 1. 위험구역 삭제 팝업 노출된 상태 | H90: 1. [삭제] 버튼 선택 | I90: 1. 해당 위험 구역 삭제됨 | J90: 홀맵구역관리 | K90: PASS
A91: =COUNTA($I$3:$I91) -> 89 | F91: 플레이 영역 > OB | G91: 1. 플레이 영역 > OB 추가된 상태 | H91: 1. 플레이 영역 > OB 선택 2. [삭제] 버튼 선택 | I91: 1. 구역 삭제 여부를 묻는 팝업 노출됨 - Title : 삭제 확인 - 문구 : OB#을 을 삭제하시겠습니까? - [취소] 버튼 [삭제] 버튼 | J91: 홀맵구역관리 | K91: PASS
A92: =COUNTA($I$3:$I92) -> 90 | F92: 플레이 영역 > OB | G92: 1. 플레이 영역 > OB 삭제 팝업 노출된 상태 | H92: 1. [취소] 버튼 선택 | I92: 1. 팝업 닫히며 이전 화면으로 전환됨 | J92: 홀맵구역관리 | K92: PASS
A93: =COUNTA($I$3:$I93) -> 91 | F93: 플레이 영역 > OB | G93: 1. 플레이 영역 > OB 삭제 팝업 노출된 상태 | H93: 1. [삭제] 버튼 선택 | I93: 1. 해당 위험 구역 삭제됨 | J93: 홀맵구역관리 | K93: PASS
A94: =COUNTA($I$3:$I94) -> 92 | F94: 플레이 영역 > PB | G94: 1. 플레이 영역 > PA 추가된 상태 | H94: 1. 플레이 영역 > PA 선택 2. [삭제] 버튼 선택 | I94: 1. 구역 삭제 여부를 묻는 팝업 노출됨 - Title : 삭제 확인 - 문구 : PA#을 을 삭제하시겠습니까? - [취소] 버튼 [삭제] 버튼 | J94: 홀맵구역관리 | K94: PASS
A95: =COUNTA($I$3:$I95) -> 93 | F95: 플레이 영역 > PB | G95: 1. 플레이 영역 > PA 삭제 팝업 노출된 상태 | H95: 1. [취소] 버튼 선택 | I95: 1. 팝업 닫히며 이전 화면으로 전환됨 | J95: 홀맵구역관리 | K95: PASS
A96: =COUNTA($I$3:$I96) -> 94 | F96: 플레이 영역 > PB | G96: 1. 플레이 영역 > PA 삭제 팝업 노출된 상태 | H96: 1. [삭제] 버튼 선택 | I96: 1. 해당 위험 구역 삭제됨 | J96: 홀맵구역관리 | K96: PASS
A97: =COUNTA($I$3:$I97) -> 95 | F97: 거리표시 지점 | G97: 1. 거리표시 지점 추가된 상태 | H97: 1. 거리표시 지점 선택 2. [삭제] 버튼 선택 | I97: 1. 구역 삭제 여부를 묻는 팝업 노출됨 - Title : 삭제 확인 - 문구 : "지점명"을 을 삭제하시겠습니까? - [취소] 버튼 [삭제] 버튼 | J97: 홀맵구역관리 | K97: PASS
A98: =COUNTA($I$3:$I98) -> 96 | F98: 거리표시 지점 | G98: 1. 거리표시 지점 삭제 팝업 노출된 상태 | H98: 1. [취소] 버튼 선택 | I98: 1. 팝업 닫히며 이전 화면으로 전환됨 | J98: 홀맵구역관리 | K98: PASS
A99: =COUNTA($I$3:$I99) -> 97 | F99: 거리표시 지점 | G99: 1. 거리표시 지점 삭제 팝업 노출된 상태 | H99: 1. [삭제] 버튼 선택 | I99: 1. 해당 위험 구역 삭제됨 | J99: 홀맵구역관리 | K99: PASS
A100: =COUNTA($I$3:$I100) -> 98 | F100: 특정 위치 알림 지점 | G100: 1. 특정 위치 알림 지점 추가된 상태 | H100: 1. 특정 위치 알림 지점 선택 2. [삭제] 버튼 선택 | I100: 1. 특정 위치 알림 삭제 여부를 묻는 팝업 노출됨 - Title : 삭제확인 - 문구 : "노출문구"을(를) 삭제하시겠습니까? - [취소] 버튼 [삭제] 버튼 | J100: 홀맵구역관리 | K100: PASS | M100: 노출문구 100자 입력 시, 잘려보이는 현상
...

Sheet 코스 운영 관리
A1: No. | C1: 화면 | F1: 기능 | G1: 사전 조건 | H1: 절차 | I1: 예상결과 | J1: 기획서 | K1: QA 확인 결과 | L1: JIRA | M1: 비고 | N1: 담당자
B2: 0 dapth | C2: 1 depth | D2: 2 depth | E2: 3 depth
A3: =COUNTA($I3:$I$4) -> 2 | B3: 코스 운영 관리 | C3: 핀 포지션 관리 | D3: - | E3: - | F3: 화면 진입 | G3: - | H3: 1. [핀 포지션 관리] 메뉴 선택 | I3: 1. 핀 포지션 관리 화면 진입됨 | J3: 핀 포지션 관리 | K3: PASS
A4: =COUNTA($I4:$I$4) -> 1 | B4: 코스 운영 관리 | D4: 안내 문구 영역 | E4: - | F4: 제공 정보 | G4: - | H4: 1. 안내 문구 영역 확인 | I4: 1. 안내 문구 제공됨 - 스마트스코어 스마트클럽 어플을 통하여 실시간 위치기반으로 핀 위치를 설정하여 태블릿에 현재 핀 위치를 표시할 수 있습니다. 그린을 선택하여 개별 홀, 전체 홀을 한 번에 이동할 수도 있습니다. | J4: 핀 포지션 관리 | K4: PASS
A5: =COUNTA($I5:$I$4) -> 2 | B5: 코스 운영 관리 | D5: 필터 영역 | E5: - | F5: 제공 정보 | G5: - | H5: 1. 필터 영역 확인 | I5: 1. 아래 정보 제공됨 - 코스 셀렉트박스 (Def. 전체 코스) - [전체 적용], [선택 적용] 버튼 | J5: 핀 포지션 관리 | K5: PASS
A6: =COUNTA($I6:$I$4) -> 3 | B6: 코스 운영 관리 | D6: 테이블 영역 | E6: - | F6: 제공 정보 | G6: - | H6: 1. 그린 영역 확인 | I6: 1. 아래 정보 제공됨 - 테이블 (코스명, 홀넘버, PAR, 야디지, 그린, 핀포지션, 선택) - 홀별 그린 이미지 및 핀 위치 제공됨 | J6: 핀 포지션 관리 | K6: PASS
A7: =COUNTA($I7:$I$4) -> 4 | B7: 코스 운영 관리 | D7: 필터 영역 | E7: 필터 | F7: 제공 정보 | G7: 1. 코스 2개 이상 등록된 골프장 | H7: 1. 코스 셀렉트박스 클릭 2. 임의의 코스 선택 | I7: 1. 코스 리스트 제공됨 2. 선택한 코스 설정됨 | J7: 핀 포지션 관리 | K7: PASS
A8: =COUNTA($I8:$I$4) -> 5 | B8: 코스 운영 관리 | D8: 코스 정보 영역 | E8: - | F8: 제공 정보 | G8: 1. 코스 2개 이상 등록된 골프장 | H8: 1. 테이블 내 정보 노출 확인 | I8: 1. 각 테이블 필드에 해당되는 정보 제공됨 - 코스명, 홀넘버, PAR, 야디지, 그린, 핀포지션, 선택 | J8: 핀 포지션 관리 | K8: PASS
A9: =COUNTA($I9:$I$4) -> 6 | B9: 코스 운영 관리 | D9: 코스 이미지 영역 | E9: - | F9: 제공 정보 | G9: 1. 코스 2개 이상 등록된 골프장 | H9: 1. 코스 셀렉트박스 클릭 2. 임의 코스 선택 | I9: 1. 선택한 코스의 그린 이미지 제공됨 2. 해당 코스 각 홀 핀위치 표시됨 3. 기본값: 내부관리자에 등록된 가장 첫 번째 코스 표시됨 | J9: 핀 포지션 관리 | K9: PASS
A10: =COUNTA($I10:$I$4) -> 7 | B10: 코스 운영 관리 | D10: 핀 위치 지도 | E10: - | F10: 핀 위치 변경 (단일) | H10: 1. 특정 홀의 그린 이미지 선택 2. 그린 위 핀 위치 변경 | I10: 1. 해당 홀의 핀 위치가 변경됨 | J10: 핀 포지션 관리 | K10: PASS
A11: =COUNTA($I11:$I$4) -> 8 | B11: 코스 운영 관리 | D11: 버튼 | E11: - | F11: 핀 위치 변경 (일괄) | H11: 1. 전체 홀 일괄 이동 | I11: 1. 전체 홀 핀 위치 일괄 변경됨 | J11: 핀 포지션 관리 | K11: PASS
A12: =COUNTA($I12:$I$4) -> 9 | B12: 코스 운영 관리 | D12: 필터 영역 | E12: - | F12: 위치 정보 저장 | G12: 1. 코스 2개 이상 등록된 골프장 | H12: 1. 특정 홀의 그린 이미지 선택 2. [전체 적용] 버튼 클릭 3. 핀 위치 선택 | I12: 1. 선택한 코스의 그린 이미지 제공됨 2. 핀 위치 선택 팝업 노출됨 3. 전체 코스에 선택한 핀 위치 설정됨 | J12: 핀 포지션 관리 | K12: PASS
A13: =COUNTA($I13:$I$4) -> 10 | B13: 코스 운영 관리 | D13: 필터 영역 | E13: - | F13: 위치 정보 저장 | G13: 1. 코스 2개 이상 등록된 골프장 2. 홀 미선택된 상태 | H13: 1. [선택저장] 버튼 선택 2. [확인] 버튼 선택 | I13: 1. 알림 팝업 노출됨 - 적용할 홀을 선택해주세요. 2. 팝업 사라지며, 이전 화면으로 전환됨 | J13: 핀 포지션 관리 | K13: PASS
A14: =COUNTA($I14:$I$4) -> 11 | B14: 코스 운영 관리 | D14: 필터 영역 | E14: - | F14: 위치 정보 저장 | G14: 1. 코스 2개 이상 등록된 골프장 | H14: 1. [선택저장] 버튼 선택 | I14: 1.선택 적용 팝업 노출됨 - Title : 선택 적용 - 홀맵 이미지 - [취소] [저장] 버튼 | J14: 핀 포지션 관리 | K14: PASS
A15: =COUNTA($I15:$I$4) -> 12 | B15: 코스 운영 관리 | D15: 필터 영역 | E15: - | F15: 위치 정보 저장 | G15: 1. 코스 2개 이상 등록된 골프장 | H15: 1. [취소] 버튼 선택 | I15: 1. 팝업 사라지며, 이전 화면으로 전환됨 | J15: 핀 포지션 관리 | K15: PASS
A16: =COUNTA($I16:$I$4) -> 13 | B16: 코스 운영 관리 | D16: 필터 영역 | E16: - | F16: 위치 정보 저장 | G16: 1. 코스 2개 이상 등록된 골프장 | H16: 1. [저장] 버튼 선택 | I16: 1. 핀 포지션 변경사항 저장됨 | J16: 핀 포지션 관리 | K16: PASS
A17: =COUNTA($I17:$I$4) -> 14 | B17: 코스 운영 관리 | C17: 핀 포지션 변경이력 | D17: - | E17: - | F17: 화면 진입 | G17: - | H17: - | I17: 1. 핀 포지션 변경이력 화면 진입됨 | J17: 핀 포지션 변경이력 | K17: FAIL | L17: QA-14905 | M17: 핀 포지션 관련 항목 중 "핀 포지션 변경이력"만 띄어쓰기 상이함
A18: =COUNTA($I18:$I$4) -> 15 | B18: 코스 운영 관리 | D18: 안내 문구 영역 | E18: - | F18: 제공 정보 | G18: - | H18: 1. 안내 문구 영역 확인 | I18: 1. 아래 정보 제공됨 - Titel : 핀 포지션 관리 - 문구 : 핀 포지션이 변경된 모든 이력을 확인할 수 있습니다. 각 홀별 변경된 시각과 이전 위치, 변경된 위치를 확인할 수 있으며, 변경한 작업자 확인이 가능합니다. | J18: 핀 포지션 변경이력 | K18: PASS
A19: =COUNTA($I19:$I$4) -> 16 | B19: 코스 운영 관리 | D19: 필터 영역 | E19: - | F19: 제공 정보 | G19: - | H19: 1. 필터 영역 확인 | I19: 1. 아래 정보 제공됨 - 날짜(From~To) (Def. 미선택) - 코스 선택 드롭박스 - 홀 선택 드롭박스 - [조회] 버튼 - [내보내기] 버튼 | J19: 핀 포지션 변경이력 | K19: PASS
A20: =COUNTA($I20:$I$4) -> 17 | B20: 코스 운영 관리 | D20: 그린 이미지 영역 | E20: - | F20: 제공 정보 | H20: 1. 그린 이미지 영역 확인 | I20: 1. 아래 정보 제공됨 - 테이블 (코스명, 홀넘버, PAR, 야디지, 그린, 핀포지션, 선택) - 홀별 그린 이미지 및 핀 위치 표시됨 | J20: 핀 포지션 변경이력 | K20: PASS
A21: =COUNTA($I21:$I$4) -> 18 | B21: 코스 운영 관리 | D21: 검색 영역 | F21: 기간 설정 | G21: 1. 변경이력 데이터 1건 이상 존재 | H21: 1. From~To 날짜 설정 2. [조회] 버튼 클릭 | I21: 1. 검색 기간 설정됨 2. 설정한 기간의 데이터 조회됨 | J21: 핀 포지션 변경이력 | K21: PASS
A22: =COUNTA($I22:$I$4) -> 19 | B22: 코스 운영 관리 | D22: 검색 영역 | F22: 코스 설정 | G22: 1. 변경이력 데이터 복수 코스에 존재 | H22: 1. 코스 셀렉트에서 [전체 코스] 선택 2. [조회] 버튼 클릭 | I22: 1. 모든 코스의 변경이력 조회됨 | J22: 핀 포지션 변경이력 | K22: PASS
A23: =COUNTA($I23:$I$4) -> 20 | B23: 코스 운영 관리 | D23: 검색 영역 | F23: 코스 설정 | G23: 1. 변경이력 복수 코스에 존재 | H23: 1. 코스 셀렉트에서 특정 코스 선택 2. [조회] 버튼 클릭 | I23: 1. 선택한 코스명 제공됨 2. 선택한 코스의 변경이력만 조회됨 | J23: 핀 포지션 변경이력 | K23: PASS
A24: =COUNTA($I24:$I$4) -> 21 | B24: 코스 운영 관리 | D24: 검색 영역 | F24: 조회 | G24: 1. 변경이력 복수 홀에 존재 | H24: 1. 홀 셀렉트에서 [전체 홀] 선택 2. [조회] 버튼 클릭 | I24: 1. 모든 홀의 변경이력 조회됨 | J24: 핀 포지션 변경이력 | K24: PASS
A25: =COUNTA($I25:$I$4) -> 22 | B25: 코스 운영 관리 | D25: 검색 영역 | F25: 조회 | G25: 1. 변경이력 복수 홀에 존재 | H25: 1. 홀 셀렉트에서 특정 홀 선택 2. [조회] 버튼 클릭 | I25: 1. 선택한 홀의 변경이력만 조회됨 2. 다른 홀 이력 미표시됨 | J25: 핀 포지션 변경이력 | K25: PASS
A26: =COUNTA($I26:$I$4) -> 23 | B26: 코스 운영 관리 | D26: 검색 영역 | F26: 초기화 | H26: 1. 조회 일정 설정 2. 코스/홀 셀렉트 선택하여 코스 선택 3. [초기화] 버튼 선택 | I26: 1. 조회 기간 설정됨 2. 코스/홀 설정됨 3. 검색 조건 초기화됨 | J26: 핀 포지션 변경이력 | K26: PASS | L26: QA-14898 | M26: [초기화] 버튼 미노출됨
A27: =COUNTA($I27:$I$4) -> 24 | B27: 코스 운영 관리 | D27: 검색 영역 | F27: 엑셀 다운로드 | G27: 1. 변경이력 조회 결과 데이터 존재 | H27: 1. [내보내기] 버튼 클릭 | I27: 1. 엑셀 파일 다운로드됨 2. 화면 테이블 컬럼 구성과 일치함(코스/홀번호/날짜/변경시간/핀위치/변경핀위치/변경좌표/변경서비스/작업자/아이피) 3. 조회된 데이터 전체 포함됨 | J27: 핀 포지션 변경이력 | K27: PASS
A28: =COUNTA($I28:$I$4) -> 25 | B28: 코스 운영 관리 | D28: 변경이력 테이블 | F28: 제공 정보 | G28: 1. 변경이력 데이터 존재 | H28: 1. 변경이력 임의 행 데이터 전체 확인 | I28: 1. 코스명 정상 표시됨 2. 홀 번호 정상 표시됨 3. 날짜(YYYY -MM -DD 형식) 정상 표시됨 4. 변경시간(HH:MM) 정상 표시됨 5. 이전 핀위치(R+숫자 형식) 정상 표시됨 6. 변경 핀위치(R+숫자 형식) 정상 표시됨 7. 변경 좌표(위도/경도) 정상 표시됨 8. 변경 서비스명(클럽 관리자/스마트 핀/캐디 태블릿 등) 정상 표시됨 9. 작업자명 정상 표시됨 10. 아이피 주소 정상 표시됨 | J28: 핀 포지션 변경이력 | K28: PASS
A29: =COUNTA($I29:$I$4) -> 26 | B29: 코스 운영 관리 | D29: 변경이력 테이블 | F29: 제공 정보 | G29: 1. 클럽 관리자에서 변경한 이력 있는 경우 | H29: 1. 변경이력 테이블에서 [변경 서비스] 컬럼 확인 | I29: 1. 변경 서비스 - '클럽 관리자' 제공됨 | J29: 핀 포지션 변경이력 | K29: PASS
A30: =COUNTA($I30:$I$4) -> 27 | B30: 코스 운영 관리 | D30: 변경이력 테이블 | F30: 제공 정보 | G30: 1. 스마트 핀 앱에서 변경한 이력 있는 경우 | H30: 1. 변경이력 테이블에서 [변경 서비스] 컬럼 확인 | I30: 1. 변경 서비스 - '스마트 핀' 제공됨 | J30: 핀 포지션 변경이력 | K30: N/T | M30: 보이스 캐디 (외부업체)에서 변경 시, 노출되는 이력
A31: =COUNTA($I31:$I$4) -> 28 | B31: 코스 운영 관리 | D31: 변경이력 테이블 | F31: 제공 정보 | G31: 1. 캐디 태블릿에서 변경한 이력 있는 경우 | H31: 1. 변경이력 테이블에서 [변경 서비스] 컬럼 확인 | I31: 1. 변경 서비스 - '캐디 태블릿' 제공됨 | J31: 핀 포지션 변경이력 | K31: PASS
A32: =COUNTA($I32:$I$4) -> 29 | B32: 코스 운영 관리 | D32: 변경이력 테이블 | F32: 제공 정보 | G32: 1. 변경이력 데이터 미존재 | H32: 1. 변경이력 없는 기간/코스/홀 설정 2. [적용] 버튼 클릭 | I32: 1. '데이터가 없습니다' 문구 제공됨 2. 테이블 빈 상태로 표시됨 3. 페이지네비게이션 숫자 미표시됨 | J32: 핀 포지션 변경이력 | K32: PASS
A33: =COUNTA($I33:$I$4) -> 30 | B33: 코스 운영 관리 | C33: 핀 포지션 분석 | D33: - | F33: 제공 정보 | H33: 1. [핀 포지션 분석] 메뉴 진입 | I33: 1. 아래 정보 제공됨 - 안내 영역 - 검색 영역 - 코스 별 홀 별 핀 포지션 분석 표 | J33: 핀 포지션 분석 | K33: PASS
A34: =COUNTA($I34:$I$4) -> 31 | B34: 코스 운영 관리 | D34: 안내 영역 | F34: 제공 정보 | H34: 1. 안내 영역 확인 | I34: 1. 아래 정보 제공됨 - Title : 핀 포지션 분석 - 문구 : 핀 위치에 따른 고객들의 평균 스코어를 통해 핀 위치별 난이도를 확인할 수 있습니다. | J34: 핀 포지션 분석 | K34: PASS
A35: =COUNTA($I35:$I$4) -> 32 | B35: 코스 운영 관리 | D35: 검색 영역 | F35: 제공 정보 | H35: 1. 날짜 선택 영역 확인 | I35: 1. 날짜 선택 셀렉트 박스 제공됨 - 날짜(From~To) (Def. 최근으로부터 과거 30일) | J35: 핀 포지션 분석 | K35: PASS | L35: QA-14892 | M35: 기본 검색기간 미설정되어있음
A36: =COUNTA($I36:$I$4) -> 33 | B36: 코스 운영 관리 | D36: 검색 영역 | F36: 날짜 선택 | H36: 1. 날짜 셀렉트 박스 선택 2. From ~ To 날짜 선택 | I36: 1. 달력 펼쳐짐 2. 선택한 날짜 설정됨 | J36: 핀 포지션 분석 | K36: PASS
A37: =COUNTA($I37:$I$4) -> 34 | B37: 코스 운영 관리 | D37: 검색 영역 | F37: 날짜 선택 | H37: 1. 날짜 셀렉트 박스 선택 2. From ~ To 날짜 90일 초과하여 선택 | I37: 1. 90일 내의 날짜만 설정 가능하다는 알럿 발생 - 최대 조회 기간은 90일 입니다. | J37: 핀 포지션 분석 | K37: PASS | L37: QA-14892 | M37: 90일 초과 시, 알럿 미노출됨
A38: =COUNTA($I38:$I$4) -> 35 | B38: 코스 운영 관리 | D38: 검색 영역 | F38: 코스 선택 | H38: 1. 코스 선택 영역 확인 | I38: 1. 코스 선택 셀렉트 박스 제공됨 - Def. 코스 선택 | J38: 핀 포지션 분석 | K38: PASS | L38: QA-14898 | M38: [초기화] 버튼 미노출됨
A39: =COUNTA($I39:$I$4) -> 36 | B39: 코스 운영 관리 | D39: 검색 영역 | F39: 코스 선택 | H39: 1. 코스 선택 셀렉트 박스 선택 2. 코스 선택 | I39: 1. 코스 리스트 제공됨 2. 선택한 코스 설정됨 | J39: 핀 포지션 분석 | K39: PASS | L39: QA-14898 | M39: [초기화] 버튼 미노출됨
A40: =COUNTA($I40:$I$4) -> 37 | B40: 코스 운영 관리 | D40: 검색 영역 | F40: 초기화 | H40: 1. 검색 조건 설정 2. [초기화] 버튼 선택 | I40: 1. 설정한 검색 조건 초기화됨 | J40: 핀 포지션 분석 | K40: PASS | L40: QA-14898 | M40: [초기화] 버튼 미노출됨
A41: =COUNTA($I41:$I$4) -> 38 | B41: 코스 운영 관리 | D41: 검색 영역 | F41: 검색 | H41: 1. 검색 조건 설정 2. [조회] 버튼 선택 | I41: 1. 설정한 조건에 해당되는 데이터 조회됨 | J41: 핀 포지션 분석 | K41: PASS
A42: =COUNTA($I42:$I$4) -> 39 | B42: 코스 운영 관리 | D42: 코스 별 홀별 핀포지션 분석 테이블 영역 | F42: 제공 정보 | H42: 1. 코스 별 홀별 핀포지션 분석 표 영역 확인 | I42: 1. 아래 정보 제공됨 - 코스명 - 골프 코스 정보 (Ex. 번호 1 / PAR 4 / Left) - 그린 격자 시각화 이미지 - 핀 포지션별 상세 데이터 테이블 | J42: 핀 포지션 분석 | K42: PASS
A43: =COUNTA($I43:$I$4) -> 40 | B43: 코스 운영 관리 | D43: 코스 별 홀별 핀포지션 분석 테이블 영역 | F43: 제공 정보 | H43: 1. 코스 별 홀별 핀포지션 분석 표 데이터 확인 | I43: 1. 아래 정보 제공됨 - 1~9 : 구역 - 스코어 : 평균 스코어 - 오버파 : 평균 오버파 - 순위 : 난이도 순위 (1위가 가장 쉬움) - 라운드 수 : 플레이된 라운드 수 - 라운드 율(%) : 라운드 비율 - 데이터 : - 인 경우, 해당 핀 포지션에서 치러진 라운드 데이터가 없거나 미미함 | J43: 핀 포지션 분석 | K43: PASS
A44: =COUNTA($I44:$I$4) -> 41 | B44: 코스 운영 관리 | C44: 코스 분석 | D44: - | F44: 제공 정보 | H44: 1. [코스분석] 메뉴 진입 | I44: 1. 아래 정보 제공됨 - 안내 영역 - 필터 영역 - 코스 분석 테이블 영역 | J44: 코스분석 | K44: PASS
A45: =COUNTA($I45:$I$4) -> 42 | B45: 코스 운영 관리 | D45: 안내 영역 | F45: 제공 정보 | H45: 1. 안내 영역 확인 | I45: 1. 아래 정보 제공됨 - Title : 코스 분석 - 문구 : 골프장에서 플레이한 고객들의 스코어를 바탕으로 산출된 분석 자료를 통해 성별, 코스, 티잉 구역 별 평균 스코어와 퍼팅수, 페어웨이 안착률, 그린 적중률을 확인할 수 있으며, 스마트스코어를 이용 중인 전국 골프장의 데이터와 비교하여 골프장의 난이도를 확인할 수 있습니다. | J45: 코스분석 | K45: PASS
A46: =COUNTA($I46:$I$4) -> 43 | B46: 코스 운영 관리 | D46: 필터 영역 | F46: 제공 정보 | H46: 1. 필터 영역 확인 | I46: 1. 아래 정보 제공됨 - 연도 필터 (Def. 연도 전체) - 월 필터 (Def. 월 전체) | J46: 코스분석 | K46: PASS
A47: =COUNTA($I47:$I$4) -> 44 | B47: 코스 운영 관리 | D47: 필터 영역 | F47: 연도 선택 | H47: 1. 연도 필터 선택 2. 연도 선택 | I47: 1. 연도 리스트 제공됨 2. 선택한 연도 설정됨 | J47: 코스분석 | K47: PASS
A48: =COUNTA($I48:$I$4) -> 45 | B48: 코스 운영 관리 | D48: 필터 영역 | F48: 월 선택 | H48: 1. 월 필터 선택 2. 월 선택 | I48: 1. 월 리스트 제공됨 2. 선택한 월 설정됨 | J48: 코스분석 | K48: PASS
A49: =COUNTA($I49:$I$4) -> 46 | B49: 코스 운영 관리 | D49: 코스 분석 테이블 영역 | F49: 제공 정보 | G49: 1. 분석 결과 X | H49: 1. 필터 조건 설정 2. 코스 분석 테이블 영역 확인 | I49: 1. 아래 정보 제공됨 - 해당 날짜에 검색된 데이터가 없습니다. | J49: 코스분석 | K49: PASS
A50: =COUNTA($I50:$I$4) -> 47 | B50: 코스 운영 관리 | D50: 코스 분석 테이블 영역 | F50: 제공 정보 | G50: 1. 분석 결과 O | H50: 1. 코스 분석 테이블 영역 확인 | I50: 1. 설정한 필터 조건 (연도, 월)에 해당되는 코스 분석 결과 제공됨 - 홀, 스코어, 퍼팅수, 페어웨이 안착률, 그린 적중률 - 남자 스코어, 여자 스코어 | J50: 코스분석 | K50: PASS
A51: =COUNTA($I51:$I$4) -> 48 | B51: 코스 운영 관리 | C51: 그린 스피드 | D51: - | F51: 제공 정보 | H51: 1. [그린스피드] 메뉴 진입 | I51: 1. 아래 정보 제공됨 - 안내 영역 - 필터 영역 - 그린 스피드 입력/이력 영역 | J51: 그린 스피드 | K51: PASS
A52: =COUNTA($I52:$I$4) -> 49 | B52: 코스 운영 관리 | D52: 안내 영역 | F52: 제공 정보 | H52: 1. 안내 영역 확인 | I52: 1. 아래 정보 제공됨 - Title : 그린 스피드 - 문구 : 당일 그린 스피드를 골프장 방문고객에게 제공할 수 있는 메뉴 입니다. (스마트스코어App,태블릿 내 노출) 그린 스피드 입력 후 적용만 누르면 간단하게 저장이 됩니다. 그린스피드 Data를 관리하여 더 좋은 서비스를 제공할 수 있습니다. | J52: 그린 스피드 | K52: PASS
A53: =COUNTA($I53:$I$4) -> 50 | B53: 코스 운영 관리 | D53: 그린스피드 입력 영역 | F53: 제공 정보 | H53: 1. [그린스피드 입력] 탭 선택 | I53: 1. 아래 정보 제공됨 - Title : 그린스피드 입력 - 그린스피드 [입력필드] [수정] 버튼 - 현재 제공중인 그린스피드 정보 - App, Tablet 이미지 | J53: 그린 스피드 | K53: PASS
A54: =COUNTA($I54:$I$4) -> 51 | B54: 코스 운영 관리 | D54: 그린스피드 입력 영역 | F54: 그린스피드 수정 | H54: 1. 그린 스피드 입력 필드 선택 2. 숫자 입력 3. [수정] 버튼 선택 | I54: 1. 입력 필드에 커서 위치됨 2. 숫자 입력됨 3. 그린스피드 설정되며, 이미지 업데이트됨 | J54: 그린 스피드 | K54: FAIL | L54: QA-14902 | M54: 앱 미리보기 화면 확인 시, 이미지와 숫자 겹쳐보이며, 1000단위 이상 입력 시 영역 벗어남
A55: =COUNTA($I55:$I$4) -> 52 | B55: 코스 운영 관리 | D55: 그린스피드 이력 영역 | F55: 제공 정보 | H55: 1. [그린스피드 이력] 탭 선택 | I55: 1. 아래 정보 제공됨 - Title : 그린스피드 이력 - 날짜 셀렉트박스 [검색] 버튼 [내보내기] 버튼 - 문구 : YYYY.M.D. 09:00 부터 ~ YYYY.M.D. 09:00까지 평균 스피드는 # 입니다. - 그린 스피드 이력 테이블 - 총 #건 [리스트50개v] | J55: 그린 스피드 | K55: PASS
A56: =COUNTA($I56:$I$4) -> 53 | B56: 코스 운영 관리 | D56: 그린스피드 이력 영역 | F56: 제공 정보 | G56: 1. 그린스피드 이력 X | H56: 1. 날짜 셀렉트박스 선택 2. 날짜 (From~To) 선택 3. [검색] 버튼 선택 | I56: 1. 달력 펼쳐짐 2. 선택한 날짜 설정됨 3, 선택한 기간의 그린스피드 이력 제공됨 - 문구 : YYYY.M.D. 09:00 부터 ~ YYYY.M.D. 09:00까지 평균 스피드는 0 입니다. - 문구 : 그린스피드 이력이 없습니다 - 총0건 [리스트50개v] 드롭박스 | J56: 그린 스피드 | K56: PASS
A57: =COUNTA($I57:$I$4) -> 54 | B57: 코스 운영 관리 | D57: 그린스피드 이력 영역 | F57: 제공 정보 | G57: 1. 그린스피드 이력 O | H57: 1. 날짜 셀렉트박스 선택 2. 날짜 (From~To) 선택 3. [검색] 버튼 선택 | I57: 1. 달력 펼쳐짐 2. 선택한 날짜 설정됨 3, 선택한 기간의 그린스피드 이력 제공됨 - 문구 : YYYY.M.D. 09:00 부터 ~ YYYY.M.D. 09:00까지 평균 스피드는 # 입니다. - 그린 스피드 이력 제공됨 - 총 #건 [리스트50개v] 드롭박스 | J57: 그린 스피드 | K57: PASS
A58: =COUNTA($I58:$I$4) -> 55 | B58: 코스 운영 관리 | D58: 그린스피드 이력 영역 | F58: 엑셀 다운로드 | G58: 1. 그린스피드 이력 O | H58: 1. [내보내기] 버튼 선택 | I58: 1. 엑셀 파일 다운로드됨 2. 파일 확인 시, 그린 스피드 이력 정보 제공됨 | J58: 그린 스피드 | K58: PASS
A59: =COUNTA($I59:$I$4) -> 56 | B59: 코스 운영 관리 | D59: 그린스피드 이력 영역 | F59: 리스트 전환 | G59: 1. 그린스피드 이력 O | H59: 1. [리스트 50개v] 드롭박스 선택 2. 항목 선택 | I59: 1. 선택 항목 제공됨 2. 선택한 항목 적용됨 - 건수 초과되는 경우, 페이징 처리 확인 | J59: 그린 스피드 | K59: PASS
A60: =COUNTA($I60:$I$4) -> 57 | B60: 코스 운영 관리 | C60: 골프장 소식 | D60: - | F60: 제공정보 | H60: 1. [골프장 소식] 메뉴 진입 | I60: 1. 아래 정보 제공됨 - 안내 영역 - [등록] [삭제] 버튼 - 골프장 소식 테이블 - 총 #건 [리스트50개v] 드롭박스 | J60: 골프장 소식 | K60: PASS
A61: =COUNTA($I61:$I$4) -> 58 | B61: 코스 운영 관리 | D61: 안내 영역 | F61: 제공정보 | H61: 1. 안내 영역 확인 | I61: 1. 아래 정보 제공됨 - Title : 골프장 소식 - 문구 : 골프장의 소식을 방문고객에게 제공할 수 있는 메뉴 입니다. (스마트스코어App 노출) 방문고객에게 골프장의 다양한 소식을 제공해 보세요. | J61: 골프장 소식 | K61: PASS
A62: =COUNTA($I62:$I$4) -> 59 | B62: 코스 운영 관리 | D62: 골프장 소식 리스트 | F62: 제공정보 | G62: 1. 등록된 소식 X | H62: 1. 골프장 소식 테이블 확인 | I62: 1. 아래 정보 제공됨 - 총 0건 -검색된 데이터가 없습니다. | J62: 골프장 소식 | K62: PASS
A63: =COUNTA($I63:$I$4) -> 60 | B63: 코스 운영 관리 | D63: 골프장 소식 리스트 | F63: 소식 등록 | H63: 1. [등록] 버튼 선택 | I63: 1. 골프장 소식 등록 화면으로 전환됨 | J63: 골프장 소식 | K63: PASS
A64: =COUNTA($I64:$I$4) -> 61 | B64: 코스 운영 관리 | D64: 골프장 소식 등록 | F64: 소식 등록 | H64: 1. 골프장 소식 등록 화면 확인 | I64: 1. 골프장소식 모달 노출됨 - Title : 골프장 소식 입력 - 골프장소식 - 입력필드 - 0/200 - 노출일자/노출시간 - 노출일 종료일 - YYYY.MM.DD HH:MM YYYY.MM.DD HH.MM | J64: 골프장 소식 | K64: PASS
A65: =COUNTA($I65:$I$4) -> 62 | B65: 코스 운영 관리 | D65: 골프장 소식 등록 | F65: 소식 등록 | G65: 1. 골프장 소식 등록 화면 진입된 상태 | H65: 1. [취소] 버튼 선택 | I65: 1. 팝업 닫히며 이전 화면으로 전환됨 | J65: 골프장 소식 | K65: PASS
A66: =COUNTA($I66:$I$4) -> 63 | B66: 코스 운영 관리 | D66: 골프장 소식 리스트 | F66: 소식 등록 | G66: 1. 골프장 소식 입력 화면 등록된 상태 2. 입력된 내용 없는 상태 | H66: 1. [등록] 버튼 선택 | I66: 1. 알럿 노출됨 - 골프장 소식을 입력해주세요 | J66: 골프장 소식 | K66: PASS
A67: =COUNTA($I67:$I$4) -> 64 | B67: 코스 운영 관리 | D67: 골프장 소식 등록 | F67: 소식 등록 | H67: 1. 골프장 소식 입력 필드 선택 2. 텍스트 입력 | I67: 1. 입력 필드에 커서 위치됨 2. 텍스트 입력되며 글자수 카운트됨 (NN/200) | J67: 골프장 소식 | K67: PASS
A68: =COUNTA($I68:$I$4) -> 65 | B68: 코스 운영 관리 | D68: 골프장 소식 등록 | F68: 소식 등록 | G68: 1. 골프장 소식 입력 화면 등록된 상태 2. 입력된 내용 있는 상태 | H68: 1. 노출일/종료일 - 달력 선택 2. 노출일/종료일 - 시간 선택 | I68: 1. 달력 펼쳐지며 날짜 선택 가능함 2. 시간 셀렉트 리스트 노출되며, 선택 가능함 | J68: 골프장 소식 | K68: PASS
A69: =COUNTA($I69:$I$4) -> 66 | B69: 코스 운영 관리 | D69: 골프장 소식 등록 | F69: 소식 등록 | G69: 1. 골프장 소식 입력 화면 등록된 상태 2. 입력된 내용 있는 상태 | H69: 1. [등록] 버튼 선택 | I69: 1-1. 알럿 노출됨 - 골프장 소식 등록이 완료되었습니다. 1-2. 골프장소식 리스트에 등록한 항목 노출됨 | J69: 골프장 소식 | K69: PASS
A70: =COUNTA($I70:$I$4) -> 67 | B70: 코스 운영 관리 | D70: 골프장 소식 리스트 | F70: 제공정보 | G70: 1. 등록된 소식 O | H70: 1. 골프장 소식 테이블 확인 | I70: 1, 등록된 골프장소식 제공됨 - 순서, 골프장 소식, 노출기간, 노출여부, 작성자 - 총 #건 | J70: 골프장 소식 | K70: PASS
A71: =COUNTA($I71:$I$4) -> 68 | B71: 코스 운영 관리 | D71: 골프장 소식 상세 | F71: 랜딩 | G71: 1. 등록된 소식 O | H71: 1. 골프장 소식 제목 선택 | I71: 1. 골프장소식 모달 노출됨 | J71: 골프장 소식 | K71: PASS
A72: =COUNTA($I72:$I$4) -> 69 | B72: 코스 운영 관리 | D72: 골프장 소식 상세 | F72: 랜딩 | G72: 1. 등록된 소식 O 2. 골프장 소식 모달 노출된 상태 | H72: 1. [취소] 버튼 선택 | I72: 1. 골프장소식 모달 닫히며 이전 화면으로 전환됨 | J72: 골프장 소식 | K72: PASS
A73: =COUNTA($I73:$I$4) -> 70 | B73: 코스 운영 관리 | D73: 골프장 소식 상세 | F73: 랜딩 | G73: 1. 등록된 소식 O 2. 골프장 소식 모달 노출된 상태 | H73: 1. 입력된 내용 또는 노출 일정 수정 2. [수정] 버튼 선택 | I73: 1. 변경사항 반영되며 이전 화면으로 전환됨 | J73: 골프장 소식 | K73: PASS
A74: =COUNTA($I74:$I$4) -> 71 | B74: 코스 운영 관리 | D74: 골프장 소식 리스트 | F74: 삭제 | G74: 1. 등록된 소식 O | H74: 1. 선택 체크박스 미선택된 상태 2. [삭제] 버튼 선택 | I74: 1. 선택된 항목 없다는 알럿 노출 | J74: 골프장 소식 | K74: PASS
A75: =COUNTA($I75:$I$4) -> 72 | B75: 코스 운영 관리 | D75: 골프장 소식 리스트 | F75: 삭제 | G75: 1. 등록된 소식 O | H75: 1. 선택 체크박스 선택된 상태 2. [삭제] 버튼 선택 | I75: 1. 선택한 소식 삭제됨 (삭제 여부를 묻는 팝업 노출 여부 확인 필요) | J75: 골프장 소식 | K75: PASS
A76: =COUNTA($I76:$I$4) -> 72
A77: =COUNTA($I77:$I$4) -> 72
A78: =COUNTA($I78:$I$4) -> 72
A79: =COUNTA($I79:$I$4) -> 72
A80: =COUNTA($I80:$I$4) -> 72
A81: =COUNTA($I81:$I$4) -> 72
A82: =COUNTA($I82:$I$4) -> 72
A83: =COUNTA($I83:$I$4) -> 72
A84: =COUNTA($I84:$I$4) -> 72
A85: =COUNTA($I85:$I$4) -> 72
A86: =COUNTA($I86:$I$4) -> 72
A87: =COUNTA($I87:$I$4) -> 72
... A171: =COUNTA($I171:$I$4) -> 72

Sheet 경기 진행 관리
A1: No. | C1: 화면 | F1: 기능 | G1: 사전 조건 | H1: 절차 | I1: 예상결과 | J1: 기획서 | K1: QA 확인 결과 | L1: JIRA | M1: 비고 | N1: 담당자
B2: 0 dapth | C2: 1 depth | D2: 2 depth | E2: 3 depth
A3: =COUNTA($I$3:$I3) -> 1 | B3: 경기 진행 관리 | C3: 진행시간 표준 설정 | D3: - | E3: - | F3: 제공 정보 | H3: 1. [진행시간 표준 설정] 메뉴 진입 2. 제공 정보 확인 | I3: 1. 진행시간 표준 설정 진입됨 2. 아래 정보 노출됨 - 메뉴 설명 영역 - 기능 버튼 영역 - 코스 선택 영역 - 홀 별 설정 영역 - 전체 코스 요약 - 라운드 별 자동 계산 결과 | J3: 진행시간 표준 설정
A4: =COUNTA($I$3:$I4) -> 2 | D4: 메뉴 설명 영역 | E4: - | F4: 제공 정보 | H4: 1. 안내 문구 확인 | I4: 1. 아래 정보 노출됨 - Title : 진행시간 표준 설정 - 문구 : 진행 시간을 평가하고 관리할 수 있도록 표준 진행 시간을 설정할 수 있습니다. 모든 홀에 시간이 설정되어 있어야 평가 및 관리가 가능하며 데이터 산출이 가능합니다. * 코스 대기 : 해당 코스가 후반인 경우 표준적인 중간 대기시간 | J4: 진행시간 표준 설정
A5: =COUNTA($I$3:$I5) -> 3 | D5: 코스 선택 영역 | E5: 코스선택 | F5: 제공 정보 | H5: 1. 안내 문구 확인 | I5: 1. 아래 정보 노출됨 - Title : 코스 선택 - 문구 : 코스를 선택하면 우측에서 홀별 진행시간과 대기시간을 쉽게 수정할 수 있습니다. - Def. 첫번째 코스 선택 상태 | J5: 진행시간 표준 설정
A6: =COUNTA($I$3:$I6) -> 4 | F6: 제공 정보 | H6: 1. 제공 정보 확인 | I6: 1. 코스별로 아래 정보 노출됨 - [전체시간] : [경기시간] + [홀간대기] - [경기시간] : 각 홀 별 ‘진행시간’ 의 합 - [홀간대기] : 각 홀 별 ‘다음홀대기시간’ 의 합 - [코스대기] : 4-4 코스대기 설정에 넣은 값 | J6: 진행시간 표준 설정
A7: =COUNTA($I$3:$I7) -> 5 | D7: 홀 별 설정 영역 | E7: 코스 설정 | F7: 제공 정보 | G7: 1. 코스 선택된 상태 | H7: 1. 제공 정보 확인 | I7: 1. 아래 정보 노출됨 - Title : South 코스 설정 - 문구 : 홀 별 입력 카드를 통해 표준시간을 한 번에 관리합니다. - [권장값 적용 ⓘ] 버튼 | J7: 진행시간 표준 설정
A8: =COUNTA($I$3:$I8) -> 6 | F8: 권장값 적용 버튼 | G8: 1. 신규 골프장인 경우 2. 코스 선택된 상태 | H8: 1. [권장값 적용 ⓘ] 버튼 클릭 | I8: 1. 아래 정보 노출됨 - 진행시간 -- PAR3 : 10분 -- PAR4 : 13분 -- PAR5 이상일 때 : 15분 -- 다음 홀 대기시간 : 1분 -- 코스대기 설정시간 : 10분 | J8: 진행시간 표준 설정
A9: =COUNTA($I$3:$I9) -> 7 | F9: 권장값 적용 버튼 | G9: 1. 코스 선택된 상태 | H9: 1. [권장값 적용 ⓘ] 버튼 클릭 | I9: 1. 아래 값 불려옴 - 과거 90일간의 데이터를 분석해, 해당 골프장의 전체시간, 경기시간, 홀간대기, 코스대기 평균 시간 불려옴 | J9: 진행시간 표준 설정
A10: =COUNTA($I$3:$I10) -> 8 | F10: info 버튼 | H10: 1. info 아이콘 [ ⓘ] 클릭 | I10: 1. 툴팁 안내 노출됨 - 권장값 적용 클릭 시, 과거 90일 간의 데이터를 분석해, 진행시간, 다음 홀 대기시간, 코스대기 설정시간에 평균값을 입력합니다. 신규 골프장인 경우 진행시간에 PAR3인 경우 10분, PAR4인 경우 13분, PAR5인 경우 15분을 불러옵니다. 그리고 다음홀 대기시간은 1분, 코스대기 설정시간은 10분을 불러옵니다. | J10: 진행시간 표준 설정
A11: =COUNTA($I$3:$I11) -> 9 | F11: 입력 필드 | H11: 1. [진행시간] 입력 필드 선택 2. 숫자 입력 | I11: 1. 입력필드에 커서 위치됨 2. 숫자 입력됨 (최대 두자리 정수만 입력 가능) | J11: 진행시간 표준 설정
A12: =COUNTA($I$3:$I12) -> 10 | F12: 입력 필드 | H12: 1. [다음 홀 대기 시간] 입력 필드 선택 2. 숫자 입력 | I12: 1. 입력필드에 커서 위치됨 2. 숫자 입력됨 (최대 두자리 정수만 입력 가능) | J12: 진행시간 표준 설정
A13: =COUNTA($I$3:$I13) -> 11 | F13: 입력 필드 | H13: 1. [코스대기 설정] 입력 필드 선택 2. 숫자 입력 | I13: 1. 입력필드에 커서 위치됨 2. 숫자 입력됨 (최대 두자리 정수만 입력 가능) | J13: 진행시간 표준 설정
A14: =COUNTA($I$3:$I14) -> 12 | D14: 기능버튼 영역 | E14: - | F14: 제공 정보 | H14: 1. 기능 버튼 영역 확인 | I14: 1. 아래 정보 노출됨 - [초기화] 버튼 - [저장] 버튼 | J14: 진행시간 표준 설정
A15: =COUNTA($I$3:$I15) -> 13 | E15: - | F15: 초기화 버튼 | H15: 1. [초기화] 버튼 클릭 | I15: 1. 현재 선택한 코스에 대해 [진행시간], [다음 홀 대기시간], [코스대기 설정] 입력필드 값이 기본값대로 입력 처리됨 - 저장은 하지 않음 | J15: 진행시간 표준 설정
A16: =COUNTA($I$3:$I16) -> 14 | E16: - | F16: 랜딩 | H16: 1. 설정 변경 2. 미저장 상태로 화면 이탈 | I16: 1. 변경한 설정 저장되지 않음. | J16: 진행시간 표준 설정
A17: =COUNTA($I$3:$I17) -> 15 | E17: - | F17: 저장 버튼 | H17: 1. [저장] 버튼 클릭 | I17: 1. 현재 코스 별로 입력한 값대로 저장됨 | J17: 진행시간 표준 설정
A18: =COUNTA($I$3:$I18) -> 16 | D18: 요약 정보 영역 | E18: 요약정보 | F18: 제공 정보 | H18: 1. 안내 문구 확인 | I18: 1. 아래 정보 노출됨 - Title : 요약 정보 - 문구 : 입력값이 바뀌면 우측 요약과 하단 표에 즉시 반영됩니다. | J18: 진행시간 표준 설정
A19: =COUNTA($I$3:$I19) -> 17 | F19: 제공 정보 | H19: 1. 요약 정보 확인 | I19: 1. 아래 정보 노출됨 - 전체 시간 : 경기시간 + 홀간 대기 - 경기 시간 : 1~9홀 기본 진행시간의 합 - 홀간 대기 : 각 홀 사이 대기시간의 합 - 문구 : 경기시간은 1~9홀 기본 진행시간의 합이며, 홀간대기는 각 홀 사이 대기시간의 합입니다. 전체시간은 경기시간 + 홀간대기 기준으로 계산됩니다. | J19: 진행시간 표준 설정
A20: =COUNTA($I$3:$I20) -> 18 | F20: 제공 정보 | G20: 1. 진행시간, 다음 홀 대기 시간, 코스 대기 시간 변경 | H20: 1. 요약 정보 영역 확인 | I20: 1. 수정 즉시 요약 정보에 반영됨 - 전체시간, 경기시간, 홀간대기 수치가 변경된 입력값 기준으로 재계산되어 노출됨 | J20: 진행시간 표준 설정
A21: =COUNTA($I$3:$I21) -> 19 | F21: 제공 정보 | H21: 1. 다른 코스 선택 | I21: 1. 선택한 코스의 정보로 변경되어 노출됨
A22: =COUNTA($I$3:$I22) -> 20 | D22: 전체 코스 요약 영역 | E22: 전체 코스 요약 | F22: 제공 정보 | H22: 1. 안내 문구 확인 | I22: 1. 아래 정보 노출됨 - Title : 전체 코스 요약 - 문구 : 입력한 설정값을 한 화면에서 비교할 수 있습니다. | J22: 진행시간 표준 설정
A23: =COUNTA($I$3:$I23) -> 21 | F23: 제공 정보 | H23: 1. 테이블 정보 확인 | I23: 1. 아래 정보 노출됨 - 전체 코스 요약 테이블 (코스명 1홀,대기,9홀, 전체시간, 경기시간, 홀간대기, 코스대기) -- 전체시간 = 경기시간 + 홀간대기 - South, Par, East, Par, West, Par - 각 코스, 홀 별 설정된 시간 | J23: 진행시간 표준 설정
A24: =COUNTA($I$3:$I24) -> 22 | D24: 라운드 별 자동 계산 결과 영역 | E24: 라운드 별 자동 계산 결과 | F24: 제공 정보 | H24: 1. 안내 문구 확인 | I24: 1. 아래 정보 노출됨 - Title : 라운드 별 자동 계산 결과 - 문구 : 위 설정된 코스별 표준시간에 따라 각 코스별 라운드(전/후반)의 표준적인 진행시간이 자동 설정됩니다. | J24: 진행시간 표준 설정
A25: =COUNTA($I$3:$I25) -> 23 | F25: 제공 정보 | H25: 1. 테이블 정보 확인 | I25: 1. 아래 정보 노출됨 - South / East / West 시작 기준 테이블 (코스명, 코스, 경기시간, 홀간대기, 코스대기, 전체시간) - 전반/후반, South/East/West 별 표준적인 진행 시간 자동 설정되어 노출됨 | J25: 진행시간 표준 설정
F26: 제공 정보 | G26: South/East/West 코스 진행시간 설정 완료 상태 | H26: 1. 라운드 별 자동 계산 결과 테이블 확인 | I26: 1. 각 시작 기준별 전체시간 계산 정합성 확인됨 - 전체시간 = 경기시간 + 홀간대기 + 코스대기와 일치 - 예: 경기시간 02:00, 홀간대기 00:08, 코스대기 00:10 → 전체시간 04:26 | J26: 진행시간 표준 설정
F27: 6홀 골프장 메뉴 미노출 | G27: 6홀 골프장 계정으로 로그인한 상태 | H27: 1. GNB 메뉴 확인 | I27: 1. [진행시간 표준 설정] 메뉴가 노출되지 않음 - 6홀 골프장은 기존 정책 유지 | J27: 진행시간 표준 설정
A28: =COUNTA($I$3:$I28) -> 26 | C28: 진행 시간 실시간 | D28: - | E28: - | F28: 제공 정보 | H28: 1. [진행 시간 실시간] 메뉴 진입 | I28: 1. [진행 시간 실시간] 메뉴 진입됨 2. 아래 정보 노출됨 - 메뉴 설명 영역 - 필터 영역 - 진행시간 실시간 테이블 | J28: 진행시간 실시간
A29: =COUNTA($I$3:$I29) -> 27 | D29: 메뉴 설명 영역 | E29: - | F29: 제공 정보 | H29: 1. 안내 문구 확인 | I29: 1. 아래 정보 노출됨 - Title : 진행시간 실시간 - 문구 : 당일 진행 중인 경기 및 완료된 경기의 홀 별 및 전체 진행 시간을 모니터링할 수 있습니다. 붉은색 표시된 시간은 표준 설정된 시간을 초과한 경우입니다. 홀별 시각 보기를 통해 해당 홀을 시작한 시각과 홀을 마친 시각까지 상세하게 확인할 수 있습니다. •우수 : 모든 시간이 표준 범위 내 정상 : 전체 시간이 표준 시간의 110% 이내 개선 : 전체 시간이 표준 시간의 110% ~ 120% 위기 : 전체 시간 및 특정 시간이 표준의 120%를 초과 | J29: 진행시간 실시간
A30: =COUNTA($I$3:$I30) -> 28 | D30: 필터 영역 | E30: - | F30: 제공 정보 | H30: 1. 필터 영역 확인 | I30: 1. 아래 정보 노출됨 - 코스 필터 (Def. 코스 전체 v) - 진행상태 필터 (Def. 진행중+완료 v) - 평가 필터 (Def. 전체 v) - 캐디명 입력 필드 -- Place holder : 캐디명 - 카트번호 입력 필드 -- Place holder : 카트번호 - 내장객명 입력 필드 -- Place holder : 내장객명 - [검색] [초기화] [새로고침] 버튼 - 티 필터 (티 v ~ 티 v) - 전체상황 ★★★★★ - [Download] [홀별시각보기] 버튼 - (검색결과 : ##) | J30: 진행시간 실시간
A31: =COUNTA($I$3:$I31) -> 29 | E31: - | F31: 제공 정보 | G31: 1. 검색결과 X | H31: 1. 필터 항목 설정 2. [검색] 버튼 선택 | I31: 1. 해당되는 검색 결과가 없는 경우, 검색 결과가 없다는 문구 노출됨 | J31: 진행시간 실시간
A32: =COUNTA($I$3:$I32) -> 30 | E32: 코스 | F32: 코스 필터 | G32: 1. 검색결과 O | H32: 1. 코스필터 (코스 전체v) 선택 2. 코스 전체 선택 3. [검색] 버튼 선택 | I32: 1. 코스 리스트 노출됨 2. 코스 전체 설정됨 3. 모든코스의 실시간 진행시간 노출됨 | J32: 진행시간 실시간
A33: =COUNTA($I$3:$I33) -> 31 | F33: 코스 필터 | G33: 1. 검색결과 O | H33: 1. 코스필터 (코스 전체v) 선택 2. 임의의 코스 선택 3. [검색] 버튼 선택 | I33: 1. 코스 리스트 노출됨 2. 선택한 코스 설정됨 3. 설정한 코스의 실시간 진행시간 노출됨 | J33: 진행시간 실시간
A34: =COUNTA($I$3:$I34) -> 32 | E34: 진행상태 | F34: 진행 상태 필터 | G34: 1. 검색결과 O | H34: 1. 진행 상태 필터 (진행중+완료v) 선택 2. 진행 상태 (진행중+완료v) 선택 3. [검색] 버튼 선택 | I34: 1. 진행 상태 (진행중+완료, 진행중, 완료) 리스트 노출됨 2. 선택한 항목 (진행중+완료) 설정됨 3. 전체 (진행중, 완료) 경기의 실시간 진행시간 노출됨 | J34: 진행시간 실시간
A35: =COUNTA($I$3:$I35) -> 33 | F35: 진행 상태 필터 | G35: 1. 검색결과 O | H35: 1. 진행 상태 필터 (진행중+완료v) 선택 2. 진행 상태 (진행중) 선택 3. [검색] 버튼 선택 | I35: 1. 진행 상태 (진행중+완료, 진행중, 완료) 리스트 노출됨 2. 선택한 항목 (진행중) 설정됨 3. 진행중인 경기의 실시간 진행시간 노출됨 | J35: 진행시간 실시간
A36: =COUNTA($I$3:$I36) -> 34 | F36: 진행 상태 필터 | G36: 1. 검색결과 O | H36: 1. 진행 상태 필터 (진행중+완료v) 선택 2. 진행 상태 (완료) 선택 3. [검색] 버튼 선택 | I36: 1. 진행 상태 (진행중+완료, 진행중, 완료) 리스트 노출됨 2. 선택한 항목 (완료) 설정됨 3. 종료된 경기의 실시간 진행시간 노출됨 | J36: 진행시간 실시간
A37: =COUNTA($I$3:$I37) -> 35 | E37: 평가 | F37: 평가 필터 | G37: 1. 검색결과 O | H37: 1. 평가 필터 (평가전체v) 선택 2. 평가 (평가전체) 선택 3. [검색] 버튼 선택 | I37: 1. 평가 (평가전체, 우수, 정상, 개선, 위기) 리스트 노출됨 2. 선택한 항목 (평가전체) 설정됨 3. 전체 경기의 실시간 진행시간 노출됨 | J37: 진행시간 실시간
A38: =COUNTA($I$3:$I38) -> 36 | F38: 평가 필터 | G38: 1. 검색결과 O | H38: 1. 평가 필터 (평가전체v) 선택 2. 평가 (우수) 선택 3. [검색] 버튼 선택 | I38: 1. 평가(평가전체, 우수, 정상, 개선, 위기) 리스트 노출됨 2. 선택한 항목 (우수) 설정됨 3. 평가 등급 - 우수 경기의 실시간 진행시간 노출됨 | J38: 진행시간 실시간
A39: =COUNTA($I$3:$I39) -> 37 | F39: 평가 필터 | G39: 1. 검색결과 O | H39: 1. 평가 필터 (평가전체v) 선택 2. 평가 (정상) 선택 3. [검색] 버튼 선택 | I39: 1. 평가 (평가전체, 우수, 정상, 개선, 위기) 리스트 노출됨 2. 선택한 항목 (정상) 설정됨 3. 평가 등급 - 정상 경기의 실시간 진행시간 노출됨 | J39: 진행시간 실시간
A40: =COUNTA($I$3:$I40) -> 38 | F40: 평가 필터 | G40: 1. 검색결과 O | H40: 1. 평가 필터 (평가전체v) 선택 2. 평가 (개선) 선택 3. [검색] 버튼 선택 | I40: 1. 평가 (평가전체, 우수, 정상, 개선, 위기) 리스트 노출됨 2. 선택한 항목 (개선) 설정됨 3. 평가 등급 - 개선 경기의 실시간 진행시간 노출됨 | J40: 진행시간 실시간
A41: =COUNTA($I$3:$I41) -> 39 | F41: 평가 필터 | G41: 1. 검색결과 O | H41: 1. 평가 필터 (평가전체v) 선택 2. 평가 (위기) 선택 3. [검색] 버튼 선택 | I41: 1. 평가 (평가전체, 우수, 정상, 개선, 위기) 리스트 노출됨 2. 선택한 항목 (위기) 설정됨 3. 평가 등급 - 위기 경기의 실시간 진행시간 노출됨 | J41: 진행시간 실시간
A42: =COUNTA($I$3:$I42) -> 40 | E42: 캐디명 | F42: 캐디명 검색 | G42: 1. 검색결과 O | H42: 1. 캐디명 입력 필드 선택 2. 텍스트 입력 3. [검색] 버튼 선택 | I42: 1. 캐디명 입력 필드에 커서 위치됨 2. 텍스트 입력됨 3. 입력한 캐디명에 해당되는 경기의 실시간 진행시간 노출됨 | J42: 진행시간 실시간
A43: =COUNTA($I$3:$I43) -> 41 | E43: 카트 번호 | F43: 카트 번호 검색 | G43: 1. 검색결과 O | H43: 1. 카트 번호 입력 필드 선택 2. 숫자 입력 3. [검색] 버튼 선택 | I43: 1. 카트 번호 입력 필드에 커서 위치됨 2. 숫자 입력됨 3. 입력한 카트번호에 해당되는 경기의 실시간 진행시간 노출됨 | J43: 진행시간 실시간
A44: =COUNTA($I$3:$I44) -> 42 | E44: 내장객명 | F44: 내장객명 검색 | G44: 1. 검색결과 O | H44: 1. 내장객명 입력 필드 선택 2. 텍스트 입력 3. [검색] 버튼 선택 | I44: 1. 내장객명 입력 필드에 커서 위치됨 2. 내장객명 입력됨 3. 입력한 내장객명에 해당되는 경기의 실시간 진행시간 노출됨 | J44: 진행시간 실시간
A45: =COUNTA($I$3:$I45) -> 43 | E45: 티 | F45: 티 필터 | G45: 1. 검색결과 O | H45: 1. 티 필터 (티v ~ 티v) 선택 2. 티 선택 3. [검색] 버튼 선택 | I45: 1. 티 리스트 노출됨 2. 선택한 항목 설정됨 3. 설정한 범위에 해당되는 경기의 실시간 진행시간 노출됨 | J45: 진행시간 실시간
A46: =COUNTA($I$3:$I46) -> 44 | E46: 전체 상황 등급 | F46: 제공 정보 | G46: 1. 검색결과 O | H46: 1. 전체 상황 등급 확인 | I46: 1. 전체 상황 등급 노출됨 (★ 개수 기준 확인 필요) | J46: 진행시간 실시간
A47: =COUNTA($I$3:$I47) -> 45 | E47: 검색결과 | F47: 제공 정보 | G47: 1. 검색결과 O | H47: 1. 검색 결과 영역 확인 | I47: 1. 검색 결과 건수 노출됨 - (검색결과 : ##) | J47: 진행시간 실시간
A48: =COUNTA($I$3:$I48) -> 46 | E48: - | F48: 다운로드 | H48: 1. [Download] 버튼 선택 2. 파일 다운로드 3. 다운로드 받은 파일 확인 | I48: 1. 다운로드 팝업 노출됨 2. 파일 다운로드됨 3. 실시간 경기 정보 기입되어 있음 | J48: 진행시간 실시간
A49: =COUNTA($I$3:$I49) -> 47 | E49: - | F49: 랜딩 | H49: 1. [홀별시각보기] 버튼 선택 | I49: 1. 홀별시각보기 팝업 노출됨 | J49: 진행시간 실시간
A50: =COUNTA($I$3:$I50) -> 48 | E50: - | F50: 랜딩 | H50: 1. [새로고침] 버튼 선택 | I50: 1. 실시간 경기 정보 새로고침되어 노출됨 | J50: 진행시간 실시간
A51: =COUNTA($I$3:$I51) -> 49 | E51: - | F51: 초기화 버튼 | H51: 1. [초기화] 버튼 선택 | I51: 1. 필터 항목 초기화됨 - 코스 필터 (Def. 코스 전체 v) - 진행상태 필터 (Def. 진행중+완료 v) - 평가 필터 (Def. 전체 v) - 티 필터 (Def. 티 v ~ 티 v) - (검색결과 : ##) | J51: 진행시간 실시간
A52: =COUNTA($I$3:$I52) -> 50 | D52: 테이블 영역 | E52: 진행시간 실시간 테이블 | F52: 제공 정보 | H52: 1. 진행시간 실시간 테이블 확인 | I52: 1. 아래 정보 노출됨 - 타입, 캐디, 전반/후반 시간, 현재 (코스), 전체, 코스간, 1~9홀, 1~9홀, 평가, 정보 - 종료, 카트, (현재)홀, 경기, 홀간누적대기 | J52: 진행시간 실시간
A53: =COUNTA($I$3:$I53) -> 51 | F53: 제공 정보 | H53: 1. 진행시간 실시간 테이블 확인 | I53: 1. 각 경기별 진행 시간 실시간 정보 노출됨 | J53: 진행시간 실시간
A54: =COUNTA($I$3:$I54) -> 52 | F54: 제공 정보 | G54: 1. 표준 설정한 시간을 초과한 경기 있는 상태 | H54: 1. 진행시간 실시간 테이블 확인 | I54: 1. 해당 항목이 붉은색으로 노출됨
A55: =COUNTA($I$3:$I55) -> 53 | C55: 진행시간 조회 | D55: - | E55: - | F55: 제공 정보 | H55: 1. [진행시간 조회] 메뉴 진입 2. 제공 정보 확인 | I55: 1. 진행시간 조회 진입됨 2. 아래 정보 노출됨 - 메뉴 설명 영역 - 필터 영역 - (검색결과 : ###) - [검색] [초기화] 버튼 - [조회결과 다운로드] [홀별시각보기] 버튼 - 진행시간 테이블 영역 | J55: 진행시간 조회
A56: =COUNTA($I$3:$I56) -> 54 | D56: 메뉴 설명 영역 | E56: - | F56: 제공 정보 | H56: 1. 안내 문구 확인 | I56: 1. 아래 정보 노출됨 - Title : 진행시간 조회 - 문구 : 당일 이전의 라운드별 세부 진행 시간을 조회할 수 있습니다. 최장 7일간의 전체 라운드는 한 번에 조회할 수 있으며, 7일을 초과하는 경우 캐디명 또는 카트 번호를 지정하셔야 합니다. •우수 : 모든 시간이 표준 범위 내 정상 : 전체 시간이 표준 시간의 110% 이내 개선 : 전체 시간이 표준 시간의 110% ~ 120% 위기 : 전체 시간 및 특정 시간이 표준의 120%를 초과 | J56: 진행시간 조회
A57: =COUNTA($I$3:$I57) -> 55 | D57: 필터 영역 | E57: - | F57: 제공 정보 | H57: 1. 필터 영역 확인 | I57: 1. 아래 정보 노출됨 - 코스 필터 (Def. 코스 전체 v) - 평가 필터 (Def. 평가전체 v) - 캐디 필터 (Def. 전체캐디 v) - 카트 필터 (Def. 전체카드 v) - [검색] [초기화] 버튼 - From ~ To 날짜 필터 (금일 ~ 금일) - 티 필터 (티 v ~ 티 v) - 전체상황 ★★★★★ - [조회결과 다운로드] [홀별시각보기] 버튼 - (검색결과 : ##) | J57: 진행시간 조회
A58: =COUNTA($I$3:$I58) -> 56 | E58: - | F58: 제공 정보 | G58: 1. 검색결과 X | H58: 1. 필터 항목 설정 2. [검색] 버튼 선택 | I58: 1. 해당되는 검색 결과가 없는 경우, 검색 결과가 없다는 문구 노출됨 | J58: 진행시간 조회
A59: =COUNTA($I$3:$I59) -> 57 | E59: 코스 | F59: 코스 필터 | G59: 1. 검색결과 O | H59: 1. 코스필터 (코스 전체v) 선택 2. 코스 전체 선택 3. [검색] 버튼 선택 | I59: 1. 코스 리스트 노출됨 2. 코스 전체 설정됨 3. 모든코스의 진행시간 노출됨 | J59: 진행시간 조회
A60: =COUNTA($I$3:$I60) -> 58 | F60: 코스 필터 | G60: 1. 검색결과 O | H60: 1. 코스필터 (코스 전체v) 선택 2. 임의의 코스 선택 3. [검색] 버튼 선택 | I60: 1. 코스 리스트 노출됨 2. 선택한 코스 설정됨 3. 설정한 코스의 진행시간 노출됨 | J60: 진행시간 조회
A61: =COUNTA($I$3:$I61) -> 59 | E61: 평가 | F61: 평가 필터 | G61: 1. 검색결과 O | H61: 1. 평가 필터 (평가전체v) 선택 2. 평가 (평가전체) 선택 3. [검색] 버튼 선택 | I61: 1. 평가 (평가전체, 우수, 정상, 개선, 위기) 리스트 노출됨 2. 선택한 항목 (평가전체) 설정됨 3. 전체 경기의 진행시간 정보 노출됨 | J61: 진행시간 조회
A62: =COUNTA($I$3:$I62) -> 60 | F62: 평가 필터 | G62: 1. 검색결과 O | H62: 1. 평가 필터 (평가전체v) 선택 2. 평가 (우수) 선택 3. [검색] 버튼 선택 | I62: 1. 평가(평가전체, 우수, 정상, 개선, 위기) 리스트 노출됨 2. 선택한 항목 (우수) 설정됨 3. 평가 등급 - 우수 경기의 진행시간 정보 노출됨 | J62: 진행시간 조회
A63: =COUNTA($I$3:$I63) -> 61 | F63: 평가 필터 | G63: 1. 검색결과 O | H63: 1. 평가 필터 (평가전체v) 선택 2. 평가 (정상) 선택 3. [검색] 버튼 선택 | I63: 1. 평가 (평가전체, 우수, 정상, 개선, 위기) 리스트 노출됨 2. 선택한 항목 (정상) 설정됨 3. 평가 등급 - 정상 경기의 진행시간 정보 노출됨 | J63: 진행시간 조회
A64: =COUNTA($I$3:$I64) -> 62 | F64: 평가 필터 | G64: 1. 검색결과 O | H64: 1. 평가 필터 (평가전체v) 선택 2. 평가 (개선) 선택 3. [검색] 버튼 선택 | I64: 1. 평가 (평가전체, 우수, 정상, 개선, 위기) 리스트 노출됨 2. 선택한 항목 (개선) 설정됨 3. 평가 등급 - 개선 경기의 진행시간 정보 노출됨 | J64: 진행시간 조회
A65: =COUNTA($I$3:$I65) -> 63 | F65: 평가 필터 | G65: 1. 검색결과 O | H65: 1. 평가 필터 (평가전체v) 선택 2. 평가 (위기) 선택 3. [검색] 버튼 선택 | I65: 1. 평가 (평가전체, 우수, 정상, 개선, 위기) 리스트 노출됨 2. 선택한 항목 (위기) 설정됨 3. 평가 등급 - 위기 경기의 진행시간 정보 노출됨 | J65: 진행시간 조회
A66: =COUNTA($I$3:$I66) -> 64 | E66: 캐디 | F66: 캐디 필터 | G66: 1. 검색결과 O | H66: 1. 캐디 필터 (전체캐디v) 선택 2. 캐디 (전체캐디v) 선택 3. [검색] 버튼 선택 | I66: 1. 전체 캐디 리스트 노출됨 2. 선택한 항목 (전체캐디) 설정됨 3. 전체 캐디의 진행시간 정보 노출됨 | J66: 진행시간 조회
A67: =COUNTA($I$3:$I67) -> 65 | F67: 캐디 필터 | G67: 1. 검색결과 O | H67: 1. 캐디 필터 (전체캐디v) 선택 2. 캐디 선택 3. [검색] 버튼 선택 | I67: 1. 전체 캐디 리스트 노출됨 2. 선택한 캐디 설정됨 3. 선택한 캐디에 해당되는 진행시간 정보 노출됨 | J67: 진행시간 조회
A68: =COUNTA($I$3:$I68) -> 66 | E68: 카트 | F68: 카트 필터 | G68: 1. 검색결과 O | H68: 1. 카트 필터 (전체카트v) 선택 2. 카트 선택 3. [검색] 버튼 선택 | I68: 1. 전체 카트 리스트 노출됨 2. 선택한 카트 설정됨 3. 선택한 카트에 해당되는 진행시간 정보 노출됨 | J68: 진행시간 조회
A69: =COUNTA($I$3:$I69) -> 67 | E69: 날짜 | F69: 날짜 설정 | H69: 1. 날짜 (From) 선택 2. 날짜 선택 | I69: 1. 달력 노출됨 2. 선택한 날짜 설정됨 | J69: 진행시간 조회
A70: =COUNTA($I$3:$I70) -> 68 | F70: 날짜 설정 | H70: 1. 날짜 (To) 선택 2. 날짜 선택 | I70: 1. 달력 노출됨 2. 선택한 날짜 설정됨 | J70: 진행시간 조회
A71: =COUNTA($I$3:$I71) -> 69 | F71: 날짜 검색 | H71: 1. 날짜 (From, To) 선택 2. 날짜 선택 3. [검색] 버튼 선택 | I71: 1. 달력 노출됨 2. 선택한 날짜 설정됨 3. 설정한 기간에 해당되는 경기의 진행시간 정보 노출됨 | J71: 진행시간 조회
F72: 날짜 검색 | G72: 1. 조회 기간 7일 초과 설정, 캐디명/카트번호 미입력 상태 | H72: 1. From~To 날짜 7일 초과로 설정 2. 캐디명, 카트번호 미입력 3. [검색] 버튼 선택 | I72: 1. 조회 제한 안내 노출됨 - 문구 : ? [[확인 필요: 7일 초과 시 오류 문구 미정의]] - 캐디명 또는 카트번호 입력 안내
F73: 날짜 검색 | G73: 2. 조회 기간 7일 이내 설정 | H73: 1. From~To 날짜 7일 이내로 설정 2. 캐디명, 카트번호 미입력 3. [검색] 버튼 선택 | I73: 1. 조회 제한 없이 결과 노출됨 2. 전체 라운드 진행시간 정보 노출됨
A74: =COUNTA($I$3:$I74) -> 72 | E74: 티 | F74: 티 필터 | G74: 1. 검색결과 O | H74: 1. 티 필터 (티v ~ 티v) 선택 2. 티 선택 3. [검색] 버튼 선택 | I74: 1. 티 리스트 노출됨 2. 선택한 항목 설정됨 3. 설정한 범위에 해당되는 경기의 진행시간 정보 노출됨 | J74: 진행시간 조회
A75: =COUNTA($I$3:$I75) -> 73 | F75: 다운로드 | H75: 1. [조회결과 다운로드] 버튼 선택 2. 파일 다운로드 3. 다운로드 받은 파일 확인 | I75: 1. 다운로드 팝업 노출됨 2. 파일 다운로드됨 3. 실시간 경기 정보 기입되어 있음 | J75: 진행시간 조회
A76: =COUNTA($I$3:$I76) -> 74 | F76: 랜딩 | H76: 1. [홀별시각보기] 버튼 선택 | I76: 1. 홀별시각보기 팝업 노출됨 | J76: 진행시간 조회
A77: =COUNTA($I$3:$I77) -> 75 | F77: 초기화 버튼 | H77: 1. [초기화] 버튼 선택 | I77: 1. 필터 항목 초기화됨 - 코스 필터 (Def. 코스 전체 v) - 평가 필터 (Def. 평가 전체) - 캐디 필트 (Def. 전체캐디) - 카트 필터 (Def. 전체카트) - 날짜 필터 (Def. 금일~금일) - 티 필터 (Def. 티 v ~ 티 v) - (검색결과 : ##) | J77: 진행시간 조회
A78: =COUNTA($I$3:$I78) -> 76 | D78: 테이블 영역 | F78: 제공 정보 | G78: 1. 검색결과 O | H78: 1. 진행시간 실시간 테이블 확인 | I78: 1. 아래 정보 노출됨 - 년도, 타입, 캐디, 전반/후반 코스, 전체, 코스간, 1~9홀, 1~9홀, 평가 - 종료, 카트, (현재)홀, 전반/후반 시간, 경기, 홀간누적대기 | J78: 진행시간 조회
A79: =COUNTA($I$3:$I79) -> 77 | F79: 제공 정보 | G79: 1. 검색결과 O | H79: 1. 진행시간 실시간 테이블 확인 | I79: 1. 각 경기별 진행 시간 실시간 정보 노출됨 | J79: 진행시간 조회
A80: =COUNTA($I$3:$I80) -> 78 | C80: 진행시간 통계 | D80: - | F80: 제공 정보 | H80: 1. [진행시간 통계] 메뉴 진입 2. 제공 정보 확인 | I80: 1. 진행시간 통계 진입됨 2. 아래 정보 노출됨 - 메뉴 설명 영역 - 필터 영역 - [통계자료 작성] [초기화] 버튼 - [조회결과 다운로드] 버튼 - 진행시간 통계 테이블 영역 | J80: 진행시간 통계
A81: =COUNTA($I$3:$I81) -> 79 | D81: 메뉴 설명 영역 | F81: 제공 정보 | H81: 1. 안내 문구 확인 | I81: 1. 아래 정보 노출됨 - Title : 진행시간 통계 - 문구 : 조회된 라운드의 평균값을 확인할 수 있습니다. 18홀 미만 라운드는 제외됩니다. •표준편차 : 표준 시간 대비 시간 차이의 평균 평 점 : 전체 라운드 중 우수, 정상 라운드 비율 •우수 : 모든 시간이 표준 범위 내 정상 : 전체 시간이 표준 시간의 110% 이내 개선 : 전체 시간이 표준 시간의 110% ~ 120% 위기 : 전체 시간 및 특정 시간이 표준의 120%를 초과 | J81: 진행시간 통계
D82: 필터 영역 | F82: 제공 정보 | H82: 1. 필터 영역 확인 | I82: 1. 아래 정보 노출됨 - 코스 기준 (Def. 코스 전체 v) - 캐디 기준 (Def. 전체캐디 v) - [셀렉트 박스] 연도별 - [셀렉트 박스] 월별 - [셀렉트 박스] 일별 - [셀렉트 박스] 타임별 - [셀렉트 박스] 캐디별 - [셀렉트 박스] 카트별 | J82: 진행시간 통계
A83: =COUNTA($I$3:$I83) -> 81 | F83: 셀렉트 박스 | H83: 1. [코스기준] 셀렉트박스 선택 2. 필터 드롭다운 확인 | I83: 1. 코스기준 셀렉트박스 활성화됨 2. 코스 기준으로 노출됨 (Def. 코스 전체 v) | J83: 진행시간 통계
A84: =COUNTA($I$3:$I84) -> 82 | F84: 코스 필터 | G84: 1. 검색결과 O | H84: 1. 코스필터 (코스 전체v) 선택 2. 코스 전체 선택 | I84: 1. 코스 리스트 노출됨 2-1. 코스 전체 설정됨 2-2. 전체 코스의 진행시간 통계 정보 노출됨 | J84: 진행시간 통계
A85: =COUNTA($I$3:$I85) -> 83 | F85: 코스 필터 | G85: 1. 검색결과 O | H85: 1. 코스필터 (코스 전체v) 선택 2. 임의의 코스 선택 | I85: 1. 코스 리스트 노출됨 2-1. 코스 전체 설정됨 2-2. 선택한 코스의 진행시간 통계 정보 노출됨 | J85: 진행시간 통계
A86: =COUNTA($I$3:$I86) -> 84 | F86: 캐디 필터 | G86: 1. 검색결과 O | H86: 1. [캐디기준] 셀렉트박스 선택 | I86: 1. 캐디기준 셀렉트박스 활성화됨 2. 캐디 기준으로 노출됨 (Def. 캐디 전체 v) | J86: 진행시간 통계
A87: =COUNTA($I$3:$I87) -> 85 | F87: 캐디 필터 | G87: 1. 검색결과 O | H87: 1. 캐디 필터 (전체캐디v) 선택 2. 캐디 (전체캐디v) 선택 | I87: 1. 캐디 리스트 노출됨 2-1. 전체캐디 설정됨 2-2. 전체 캐디의 진행시간 통계 정보 노출됨 | J87: 진행시간 통계
A88: =COUNTA($I$3:$I88) -> 86 | F88: 캐디 필터 | G88: 1. 검색결과 O | H88: 1. 캐디 필터 (전체캐디v) 선택 2. 캐디 선택 | I88: 1. 전체 캐디 리스트 노출됨 2-1. 선택한 캐디 설정됨 2-2. 전체 캐디의 진행시간 통계 정보 노출됨 | J88: 진행시간 통계
A89: =COUNTA($I$3:$I89) -> 87 | F89: 카트 필터 | G89: 1. 검색결과 O | H89: 1. 카트 필터 (전체카트v) 선택 2. 카트 선택 3. [검색] 버튼 선택 | I89: 1. 전체 카트 리스트 노출됨 2. 선택한 카트 설정됨 3. 선택한 카트에 해당되는 진행시간 정보 노출됨 | J89: 진행시간 통계
A90: =COUNTA($I$3:$I90) -> 88 | F90: 연도별 필터 | H90: 1. [연도별] 셀렉트박스 선택 | I90: 1-1. 연도별 셀렉트박스 활성화됨 1-2. 연도별 진행시간 통계 정보 노출됨 | J90: 진행시간 통계
A91: =COUNTA($I$3:$I91) -> 89 | F91: 월별 필터 | H91: 1. [월별] 셀렉트박스 선택 | I91: 1-1. 월별 셀렉트박스 활성화됨 1-2. 월별 진행시간 통계 정보 노출됨 | J91: 진행시간 통계
A92: =COUNTA($I$3:$I92) -> 90 | F92: 타임별 필터 | H92: 1. [타임별] 셀렉트박스 선택 | I92: 1-1. 타임별 셀렉트박스 활성화됨 1-2. 타임별 진행시간 통계 정보 노출됨 | J92: 진행시간 통계
A93: =COUNTA($I$3:$I93) -> 91 | F93: 캐디별 필터 | H93: 1. [캐디별] 셀렉트박스 선택 | I93: 1-1. 캐디별 셀렉트박스 활성화됨 1-2. 캐디별 진행시간 통계 정보 노출됨 | J93: 진행시간 통계
A94: =COUNTA($I$3:$I94) -> 92 | F94: 카트별 필터 | H94: 1. [카트별] 셀렉트박스 선택 | I94: 1-1. 카트별 셀렉트박스 활성화됨 1-2. 카트별 진행시간 통계 정보 노출됨 | J94: 진행시간 통계
A95: =COUNTA($I$3:$I95) -> 93 | F95: 날짜 설정 | H95: 1. 날짜 (From) 선택 2. 날짜 선택 | I95: 1. 달력 노출됨 2. 선택한 날짜 설정됨 | J95: 진행시간 통계
A96: =COUNTA($I$3:$I96) -> 94 | F96: 날짜 설정 | H96: 1. 날짜 (To) 선택 2. 날짜 선택 | I96: 1. 달력 노출됨 2. 선택한 날짜 설정됨 | J96: 진행시간 통계
A97: =COUNTA($I$3:$I97) -> 95 | F97: 날짜 검색 | H97: 1. 날짜 (From, To) 선택 2. 날짜 선택 3. [검색] 버튼 선택 | I97: 1. 달력 노출됨 2. 선택한 날짜 설정됨 3. 설정한 기간에 해당되는 진행시간 통계 정보 노출됨 | J97: 진행시간 통계
A98: =COUNTA($I$3:$I98) -> 96 | F98: 티 필터 | H98: 1. 티 필터 (티v ~ 티v) 선택 2. 티 선택 3. [검색] 버튼 선택 | I98: 1. 티 리스트 노출됨 2. 선택한 항목 설정됨 3. 설정한 범위에 해당되는 경기의 진행시간 통계 노출됨 | J98: 진행시간 통계
A99: =COUNTA($I$3:$I99) -> 97 | F99: 랜딩 | H99: 1. [통계자료 작성] 버튼 선택 | I99: 1. 통계자료 작성 화면으로 전환됨 | J99: 진행시간 통계
A100: =COUNTA($I$3:$I100) -> 98 | F100: 다운로드 | H100: 1. [조회통계 다운로드] 버튼 선택 2. 파일 다운로드 3. 다운로드 받은 파일 확인 | I100: 1. 다운로드 팝업 노출됨 2. 파일 다운로드됨 3. 실시간 경기 정보 기입되어 있음 | J100: 진행시간 통계
...

Sheet 캐디 관리
A1: No. | C1: 화면 | F1: 기능 | G1: 사전 조건 | H1: 절차 | I1: 예상결과 | J1: 기획서 | K1: QA 확인 결과 | L1: JIRA | M1: 비고 | N1: 담당자
B2: 0 dapth | C2: 1 depth | D2: 2 depth | E2: 3 depth
A3: =COUNTA($I$3:$I3) -> 1 | B3: 캐디 관리 | C3: 캐디 관리 | D3: - | E3: - | F3: 메뉴 확인 | G3: - | H3: 1. 캐디 관리 대메뉴 선택 2. 메뉴 구성 확인 | I3: 1. 캐디 관리 메뉴가 제공됨 - 캐디 리스트 - 캐디 등록 관리 - 캐디 실적 | J3: 캐디 관리 | K3: PASS
A4: =COUNTA($I$3:$I4) -> 2 | B4: 캐디 관리 | C4: 캐디 리스트 | D4: - | E4: - | F4: 제공 정보 | G4: - | H4: 1. [캐디 리스트] 메뉴 진입 2. 제공 정보 확인 | I4: 1. 캐디 리스트 메뉴 제공됨(클라우드 UI) - 타이틀 : 캐디 리스트 - 안내 문구 영역 - 그래프 영역 - 검색 필터 영역 - 캐디 리스트 영역 | J4: 캐디 리스트 | K4: PASS
A5: =COUNTA($I$3:$I5) -> 3 | B5: 캐디 관리 | C5: 캐디 리스트 | D5: - | E5: - | F5: 안내 문구 | G5: - | H5: 1. 캐디 리스트 안내 문구 확인 | I5: 1. 안내 문구 제공됨 - 골프장에 등록되어 있는 캐디 현황을 확인할 수 있습니다. | J5: 캐디 리스트 | K5: PASS
A6: =COUNTA($I$3:$I6) -> 4 | B6: 캐디 관리 | C6: 캐디 리스트 | D6: 그래프 영역 | E6: - | F6: 제공 정보 | G6: - | H6: 1. 그래프 영역 확인 | I6: 1. 그래프 영역 제공됨 - 안내 문구 영역 - 하우스 / 외부 캐디 비율 영역 - 활동 / 비활동 캐디 비율 영역 - 회원 / 비회원 캐디 비율 영역 | J6: 캐디 리스트 | K6: PASS
A7: =COUNTA($I$3:$I7) -> 5 | B7: 캐디 관리 | C7: 캐디 리스트 | E7: 하우스 / 외부 캐디 비율 영역 | F7: 제공 정보 | G7: - | H7: 1. 하우스 / 외부 캐디 비율 영역 확인 | I7: 1. 하우스 / 외부 캐디 비율 영역 제공됨 - 타이틀 : 하우스 / 외부 캐디 비율 - 서브 문구 : 소속 형태에 따른 현재 등록 비율 - 총 인원 수 뱃지 (총 n명) - 도넛 그래프 - 하우스 캐디 n명 - 외부 캐디 n명 | J7: 캐디 리스트 | K7: PASS | L7: QA-14880 | M7: 안내 문구 기획과 상이
A8: =COUNTA($I$3:$I8) -> 6 | B8: 캐디 관리 | C8: 캐디 리스트 | F8: 도넛 그래프 | G8: - | H8: 1. 도넛 그래프 확인 | I8: 1. 하우스 기준 비율 제공됨 | J8: 캐디 리스트 | K8: PASS
A9: =COUNTA($I$3:$I9) -> 7 | B9: 캐디 관리 | C9: 캐디 리스트 | F9: 하우스 캐디 | G9: 1. 하우스 캐디 : 신규 | H9: 1. 하우스 캐디 인원 수 확인 | I9: 1. 하우스 캐디 인원 수 증가 | J9: 캐디 리스트 | K9: PASS
A10: =COUNTA($I$3:$I10) -> 8 | B10: 캐디 관리 | C10: 캐디 리스트 | G10: 1. 하우스 캐디 > 외부 캐디 전환 | H10: 1. 하우스 캐디 인원 수 확인 | I10: 1. 하우스 캐디 인원 수 감소 2. 외부 캐디 인원 수 증가 | J10: 캐디 리스트 | K10: PASS
A11: =COUNTA($I$3:$I11) -> 9 | B11: 캐디 관리 | C11: 캐디 리스트 | F11: 외부 캐디 | G11: 1. 외부 캐디 : 신규 | H11: 1. 외부 캐디 인원 수 확인 | I11: 1. 외부 캐디 인원 수 증가 | J11: 캐디 리스트 | K11: PASS
A12: =COUNTA($I$3:$I12) -> 10 | B12: 캐디 관리 | C12: 캐디 리스트 | G12: 1. 외부 캐디 > 하우스 캐디 전환 | H12: 1. 외부 캐디 인원 수 확인 | I12: 1. 외부 캐디 인원 수 감소 2. 하우스 캐디 인원 수 증가 | J12: 캐디 리스트 | K12: PASS
A13: =COUNTA($I$3:$I13) -> 11 | B13: 캐디 관리 | C13: 캐디 리스트 | F13: 총 인원 수 | G13: - | H13: 1. 총 인원 수 영역 확인 | I13: 1. 하우스 캐디+외부 캐디의 값이 제공됨 | J13: 캐디 리스트 | K13: PASS
A14: =COUNTA($I$3:$I14) -> 12 | B14: 캐디 관리 | C14: 캐디 리스트 | E14: 활동 / 비활동 캐디 비율 영역 | F14: 제공 정보 | G14: - | H14: 1. 활동 / 비활동 캐디 비율 영역 확인 | I14: 1. 활동 / 비활동 캐디 비율 영역 제공됨 - 타이틀 : 활동 / 비활동 캐디 비율 - 서브 문구 : 활동 상태에 따른 현재 등록 비율 - 뱃지 : 활동 / 비활동 기준 - 도넛 그래프 - 활동 캐디 n명 - 비활동 캐디 n명 | J14: 캐디 리스트 | K14: PASS | L14: QA-14880 | M14: 안내 문구 기획과 상이
A15: =COUNTA($I$3:$I15) -> 13 | B15: 캐디 관리 | C15: 캐디 리스트 | F15: 도넛 그래프 | G15: - | H15: 1. 도넛 그래프 확인 | I15: 1. 활동 캐디 기준 비율 제공됨 | J15: 캐디 리스트 | K15: PASS
A16: =COUNTA($I$3:$I16) -> 14 | B16: 캐디 관리 | C16: 캐디 리스트 | F16: 활동 캐디 | G16: 1. 하우스 캐디 : 신규 | H16: 1. 활동 캐디 인원 수 확인 | I16: 1. 활동 캐디 인원 수 증가 | J16: 캐디 리스트 | K16: PASS
A17: =COUNTA($I$3:$I17) -> 15 | B17: 캐디 관리 | C17: 캐디 리스트 | G17: 1. 외부 캐디 : 신규 | H17: 1. 활동 캐디 인원 수 확인 | I17: 1. 활동 캐디 인원 수 증가 | J17: 캐디 리스트 | K17: PASS
A18: =COUNTA($I$3:$I18) -> 16 | B18: 캐디 관리 | C18: 캐디 리스트 | F18: 비활동 캐디 | G18: 1. 하우스 캐디 : 해지 | H18: 1. 활동 캐디 인원 수 확인 2. 비활동 캐디 인원 수 확인 | I18: 1. 활동 캐디 인원 수 감소 2. 비활동 캐디 인원 수 증가 | J18: 캐디 리스트 | K18: PASS
A19: =COUNTA($I$3:$I19) -> 17 | B19: 캐디 관리 | C19: 캐디 리스트 | G19: 1. 외부 캐디 : 해지 | H19: 1. 활동 캐디 인원 수 확인 2. 비활동 캐디 인원 수 확인 | I19: 1. 활동 캐디 인원 수 감소 2. 비활동 캐디 인원 수 증가 | J19: 캐디 리스트 | K19: PASS
A20: =COUNTA($I$3:$I20) -> 18 | B20: 캐디 관리 | C20: 캐디 리스트 | E20: 회원 / 비회원 캐디 비율 영역 | F20: 제공 정보 | G20: - | H20: 1. 회원 / 비회원 캐디 비율 영역 확인 | I20: 1. 회원 / 비회원 캐디 비율 영역 제공됨 - 타이틀 : 회원 / 비회원 캐디 비율 - 서브 문구 : 회원 형태에 따른 현재 등록 비율 - 뱃지 : 회원 / 비회원 기준 - 도넛 그래프 - 회원 캐디 n명 - 비회원 캐디 n명 | J20: 캐디 리스트 | K20: PASS | L20: QA-14880 | M20: 안내 문구 기획과 상이
A21: =COUNTA($I$3:$I21) -> 19 | B21: 캐디 관리 | C21: 캐디 리스트 | F21: 도넛 그래프 | G21: - | H21: 1. 도넛 그래프 확인 | I21: 1. 활동 캐디 기준 비율 제공됨 | J21: 캐디 리스트 | K21: PASS
A22: =COUNTA($I$3:$I22) -> 20 | B22: 캐디 관리 | C22: 캐디 리스트 | F22: 캐디 인원 | G22: 1. 하우스 캐디 : 신규 | H22: 1. 비회원 캐디 인원 수 확인 | I22: 1. 비회원 캐디 인원 수 증가 | J22: 캐디 리스트 | K22: PASS
A23: =COUNTA($I$3:$I23) -> 21 | B23: 캐디 관리 | C23: 캐디 리스트 | G23: 1. 외부 캐디 : 신규 | H23: 1. 비회원 캐디 인원 수 확인 | I23: 1. 비회원 캐디 인원 수 증가 | J23: 캐디 리스트 | K23: PASS
A24: =COUNTA($I$3:$I24) -> 22 | B24: 캐디 관리 | C24: 캐디 리스트 | G24: 1. 하우스 캐디 > 회원 등록 | H24: 1. 회원 캐디 인원 수 확인 2. 비회원 캐디 인원 수 확인 | I24: 1. 회원 캐디 인원 수 증가 2. 비회원 캐디 인원 수 감소 | J24: 캐디 리스트 | K24: PASS
A25: =COUNTA($I$3:$I25) -> 23 | B25: 캐디 관리 | C25: 캐디 리스트 | G25: 1. 외부 캐디 > 회원 등록 | H25: 1. 회원 캐디 인원 수 확인 2. 비회원 캐디 인원 수 확인 | I25: 1. 회원 캐디 인원 수 증가 2. 비회원 캐디 인원 수 감소 | J25: 캐디 리스트 | K25: PASS
A26: =COUNTA($I$3:$I26) -> 24 | B26: 캐디 관리 | C26: 캐디 리스트 | G26: 1. 회원 캐디 > 소속 삭제 | H26: 1. 회원 캐디 인원 수 확인 2. 비회원 캐디 인원 수 확인 | I26: 1. 회원 캐디 인원 수 감소 2. 비회원 캐디 인원 수 증가 | J26: 캐디 리스트 | K26: PASS
A27: =COUNTA($I$3:$I27) -> 25 | B27: 캐디 관리 | C27: 캐디 리스트 | D27: 검색 필터 영역 | E27: - | F27: 제공 정보 | G27: - | H27: 1. 검색 필터 영역 확인 | I27: 1. 검색 필터 영역 제공됨 - 활동 상태 드롭다운 항목 - 캐디명 입력 필드 - [초기화] / [적용] 버튼 | J27: 캐디 리스트 | K27: PASS
A28: =COUNTA($I$3:$I28) -> 26 | B28: 캐디 관리 | C28: 캐디 리스트 | E28: - | F28: 활동 상태 | G28: - | H28: 1. 활동 상태 드롭다운 항목 확인 2. 활동 상태 선택 | I28: 1. 활동 상태 드롭다운 항목 제공됨 - Default : 활동 - 활동 / 비활동 / 전체 2. 활동 상태 선택 가능하며 검색 가능함 | J28: 캐디 리스트 | K28: PASS
A29: =COUNTA($I$3:$I29) -> 27 | B29: 캐디 관리 | C29: 캐디 리스트 | E29: - | F29: 캐디명 입력 | G29: - | H29: 1. 캐디명 입력 필드 확인 2. 캐디명 입력 | I29: 1. 캐디명 입력 필드 제공됨 - Placeholder : 캐디명을 입력하세요 2. 캐디명 입력 가능하며 검색 가능함 - 최대 100자 / like 검색 가능 | J29: 캐디 리스트 | K29: PASS | L29: QA-14882 | M29: 엔터 검색 안됨
A30: =COUNTA($I$3:$I30) -> 28 | B30: 캐디 관리 | C30: 캐디 리스트 | E30: - | F30: 초기화 | G30: 1. 필터 설정 : 적용 전 | H30: 1. [초기화] 버튼 선택 | I30: 1. 설정한 필터 값이 초기화됨 | J30: 캐디 리스트 | K30: PASS
A31: =COUNTA($I$3:$I31) -> 29 | B31: 캐디 관리 | C31: 캐디 리스트 | E31: - | G31: 1. 필터 설정 : 적용 후 | H31: 1. [초기화] 버튼 선택 | I31: 1. 설정한 필터 값이 초기화됨 2. 검색된 데이터가 초기화됨 | J31: 캐디 리스트 | K31: PASS
A32: =COUNTA($I$3:$I32) -> 30 | B32: 캐디 관리 | C32: 캐디 리스트 | E32: - | F32: 적용 | G32: 1. 활동 상태 + 캐디명 입력 | H32: 1. [적용] 버튼 선택 | I32: 1. 설정한 값으로 캐디 리스트 검색됨 2. 그래프 데이터는 전체 데이터로 유지됨 3. 캐디 리스트의 요약 영역은 전체 데이터로 유지됨 | J32: 캐디 리스트 | K32: PASS
A33: =COUNTA($I$3:$I33) -> 31 | B33: 캐디 관리 | C33: 캐디 리스트 | D33: 캐디 리스트 영역 | E33: - | F33: 제공 정보 | G33: - | H33: 1. 캐디 리스트 영역 확인 | I33: 1. 캐디 리스트 영역 제공됨 - 안내 문구 영역 - 요약 영역(총 등록 캐디, 활동 캐디, 외부 캐디, 회원 연동 캐디) - 리스트 영역 | J33: 캐디 리스트 | K33: PASS | L33: QA-14883 | M33: 서브 타이틀/안내 문구 없음
A34: =COUNTA($I$3:$I34) -> 32 | B34: 캐디 관리 | C34: 캐디 리스트 | E34: - | F34: 안내 문구 | G34: - | H34: 1. 안내 문구 확인 | I34: 1. 안내 문구 제공됨 - 문구 : 등록된 캐디의 기본 정보와 주요 기능 사용 여부를 확인할 수 있습니다. | J34: 캐디 리스트 | K34: PASS | L34: QA-14883 | M34: 서브 타이틀/안내 문구 없음
A35: =COUNTA($I$3:$I35) -> 33 | B35: 캐디 관리 | C35: 캐디 리스트 | E35: 요약 영역 | F35: 총 등록 캐디 | G35: - | H35: 1. 총 등록 캐디 영역 확인 | I35: 1. 총 등록 캐디가 제공됨 - n - 활동캐디+비활동 캐디 | J35: 캐디 리스트 | K35: PASS
A36: =COUNTA($I$3:$I36) -> 34 | B36: 캐디 관리 | C36: 캐디 리스트 | G36: 1. 전 월 캐디 수 = 현재 월 캐디 수 | H36: 1. 전월대비 칩 확인 | I36: 1. 전월대비 칩 제공됨 - 전월대비 +0 ????? | J36: 캐디 리스트 | K36: N/A | M36: 개발 데이터 존재로 확인 불가
A37: =COUNTA($I$3:$I37) -> 35 | B37: 캐디 관리 | C37: 캐디 리스트 | G37: 1. 전 월 캐디 수 < 현재 월 캐디 수 | H37: 1. 전월대비 칩 확인 | I37: 1. 전월대비 칩 제공됨 - 전월대비 +n | J37: 캐디 리스트 | K37: PASS
A38: =COUNTA($I$3:$I38) -> 36 | B38: 캐디 관리 | C38: 캐디 리스트 | F38: 활동 캐디 | G38: - | H38: 1. 활동 캐디 확인 | I38: 1. 활동/비활동 캐디 비율 그래프와 동일한 값이 제공됨 - n - 운영 비율 n% (버림 처리) | J38: 캐디 리스트 | K38: PASS
A39: =COUNTA($I$3:$I39) -> 37 | B39: 캐디 관리 | C39: 캐디 리스트 | F39: 외부 캐디 | G39: - | H39: 1. 외부 캐디 확인 | I39: 1. 하우스/외부 캐디 비율에서 외부 캐디와 동일한 값이 제공됨 - n - 전체 대비 n% (버림 처리) | J39: 캐디 리스트 | K39: PASS
A40: =COUNTA($I$3:$I40) -> 38 | B40: 캐디 관리 | C40: 캐디 리스트 | F40: 회원 연동 캐디 | G40: - | H40: 1. 회원 연동 캐디 확인 | I40: 1. 회원/비회원 캐디 비율에서 회원 캐디와 동일한 값이 제공됨 - n - 회원 비율 n% (버림 처리) | J40: 캐디 리스트 | K40: PASS
A41: =COUNTA($I$3:$I41) -> 39 | B41: 캐디 관리 | C41: 캐디 리스트 | E41: 리스트 영역 | F41: 제공 정보 | G41: - | H41: 1. 리스트 영역 확인 | I41: 1. 리스트 제공됨 - 캐디넘버 / 성명 / 성별 / 휴대폰 / 카트넘버 / 태블릿넘버 / 배터리넘버 / 등록일 / 해지일 / 라운드기록 / 회원추천 / 그늘집주문 - No / 성명 / 성별 / 휴대폰 / 카트번호 / 태블릿 No. / 배터리 / 등록일 / 해지일 / 라운드기록 / 회원추천 / 그늘집주문 | J41: 캐디 리스트 | K41: PASS
A42: =COUNTA($I$3:$I42) -> 40 | B42: 캐디 관리 | C42: 캐디 리스트 | F42: 리스트 정보 | G42: 1. 성별 : 남성 | H42: 1. 리스트 값 확인 | I42: 1. 남성의 데이터 제공됨 - 캐디넘버 : {캐디넘버} - 성명 : {캐디명} - 성별 : 남성 - 휴대폰 : XXX-XXXX-XXXX - 카트넘버 : n - 태블릿넘버 : n - 배터리넘버 : n - 등록일 : yyyy-mm-dd - 해지일 : - - 라운드 기록 : [라운드 기록] 버튼 - 회원추천 : [회원추천] 버튼 - 그늘집주문 : [주문내역] 버튼 | J42: 캐디 리스트 | K42: PASS
A43: =COUNTA($I$3:$I43) -> 41 | B43: 캐디 관리 | C43: 캐디 리스트 | G43: 1. 성별 : 여성 | H43: 1. 리스트 값 확인 | I43: 1. 남성의 데이터 제공됨 - 캐디넘버 : {캐디넘버} - 성명 : {캐디명} - 성별 : 여성 - 휴대폰 : XXX-XXXX-XXXX - 카트넘버 : n - 태블릿넘버 : n - 배터리넘버 : n - 등록일 : yyyy-mm-dd - 해지일 : - - 라운드 기록 : [라운드 기록] 버튼 - 회원추천 : [회원추천] 버튼 - 그늘집주문 : [주문내역] 버튼 | J43: 캐디 리스트 | K43: PASS
A44: =COUNTA($I$3:$I44) -> 42 | B44: 캐디 관리 | C44: 캐디 리스트 | G44: 1. 해지 사용자 | H44: 1. 해지일 컬럼 값 확인 | I44: 1. 해지일 컬럼에 값 제공됨 - yyyy-mm-dd | J44: 캐디 리스트 | K44: PASS
A45: =COUNTA($I$3:$I45) -> 43 | B45: 캐디 관리 | C45: 캐디 리스트 | D45: 캐디 리스트 영역 | E45: 리스트 영역_ 라운드 기록 | F45: 라운드 기록_ 제공 정보 | G45: - | H45: 1. [라운드기록] 버튼 선택 | I45: 1. 캐디 별 라운드 기록 페이지 제공됨 - 타이틀 : 캐디 별 라운드기록 - {캐디명} - 문구 : 선택한 캐디의 라운드 기록을 조회할 수 있습니다. - (우측 상단) 뱃지 : 카트번호 n - 검색 필터 - 라운드 기록 리스트 | J45: 캐디 리스트 | K45: PASS
A46: =COUNTA($I$3:$I46) -> 44 | B46: 캐디 관리 | C46: 캐디 리스트 | F46: 검색 필터 | G46: - | H46: 1. 검색 필터 영역 확인 2. 조회 기간 from~to 선택 3. [적용] 버튼 선택 | I46: 1. 검색 필터 영역 제공됨 - yyyy-mm-dd ~ yyyy-mm-dd / [초기화] / [적용] 2. 조회 기간 설정 가능함 3. 설정한 조회 기간으로 라운드 기록 제공됨 | J46: 캐디 리스트 | K46: PASS
A47: =COUNTA($I$3:$I47) -> 45 | B47: 캐디 관리 | C47: 캐디 리스트 | G47: 1. 필터 설정 : 적용 전 | H47: 1. [초기화] 버튼 선택 | I47: 1. 설정한 필터 값이 초기화됨 | J47: 캐디 리스트 | K47: PASS
A48: =COUNTA($I$3:$I48) -> 46 | B48: 캐디 관리 | C48: 캐디 리스트 | G48: 1. 필터 설정 : 적용 후 | H48: 1. [초기화] 버튼 선택 | I48: 1. 설정한 필터 값이 초기화됨 2. 검색된 데이터가 초기화됨 | J48: 캐디 리스트 | K48: PASS
A49: =COUNTA($I$3:$I49) -> 47 | B49: 캐디 관리 | C49: 캐디 리스트 | F49: 라운드 기록 리스트 | G49: - | H49: 1. 라운드 기록 리스트 확인 | I49: 1. 라운드 기록 리스트가 최신순으로 제공됨 - No - 날짜 : yyyy-mm-dd - 티타임 : hh:mm - 코스 : {전반}/{후반} - 내장객 : {내장객 명} - 단체명 : {단체팀명} - 스코어카드 : [스코어] 버튼 - 사진 : [보기] 버튼 - 클럽사진 : [보기] 버튼 - 페이지네이션 - [닫기] 버튼 | J49: 캐디 리스트 | K49: PASS
A50: =COUNTA($I$3:$I50) -> 48 | B50: 캐디 관리 | C50: 캐디 리스트 | F50: 스코어 카드 | G50: - | H50: 1. [스코어] 버튼 선택 | I50: 1. 스코어 상세 페이지 제공됨 | J50: 캐디 리스트 | K50: PASS
A51: =COUNTA($I$3:$I51) -> 49 | B51: 캐디 관리 | C51: 캐디 리스트 | F51: 사진 | G51: - | H51: 1. 사진에서 [보기][사진] 버튼 선택 | I51: 1. 등록된 사진 제공됨 | J51: 캐디 리스트 | K51: PASS
A52: =COUNTA($I$3:$I52) -> 50 | B52: 캐디 관리 | C52: 캐디 리스트 | F52: 클럽사진 | G52: - | H52: 1. 클럽사진에서 [보기][클럽체크] 버튼 선택 | I52: 1. 등록된 사진 제공됨 | J52: 캐디 리스트 | K52: PASS
A53: =COUNTA($I$3:$I53) -> 51 | B53: 캐디 관리 | C53: 캐디 리스트 | F53: 닫기 | G53: - | H53: 1. [닫기] 버튼 선택 | I53: 1. 라운드 기록 팝업 닫힘 | J53: 캐디 리스트 | K53: PASS
A54: =COUNTA($I$3:$I54) -> 52 | B54: 캐디 관리 | C54: 캐디 리스트 | E54: 리스트 영역_회원추천 | F54: 회원추천 | G54: - | H54: 1. 회원추천 [회원추천] 버튼 선택 | I54: 1. 회원 추천 팝업 제공됨 - No / 성명 / 회원가입일시 / 라운드일시 / 연도전체 / 월전체 / 일 / 회원추천수 | J54: 캐디 리스트 | K54: PASS
A55: =COUNTA($I$3:$I55) -> 53 | B55: 캐디 관리 | C55: 캐디 리스트 | E55: 리스트 영역_그늘집주문 | F55: 주문 기록_ 제공 정보 | G55: - | H55: 1. 그늘집주문 [주문내역] 버튼 선택 | I55: 1. 그늘집 주문기록 페이지 제공됨 - 타이틀 : 그늘집 주문기록 - {캐디명} - 검색 필터 - 주문기록 리스트 | J55: 캐디 리스트
A56: =COUNTA($I$3:$I56) -> 54 | B56: 캐디 관리 | C56: 캐디 리스트 | F56: 검색 필터 | G56: - | H56: 1. 검색 필터 영역 확인 2. 연/월 선택 후 검색 | I56: 1. 검색 필터 제공됨 - 연 드롭다운 필터 / 월 드롭다운 필터 / [검색] 버튼 2. 선택한 연/월 드롭다운 항목으로 검색됨 | J56: 캐디 리스트
A57: =COUNTA($I$3:$I57) -> 55 | B57: 캐디 관리 | C57: 캐디 리스트 | F57: 주문내역 리스트 | G57: - | H57: 1. 주문내역 리스트 확인 | I57: 1. 주문내역 리스트가 최신순으로 제공됨 - No - 날짜 : yyyy-mm-dd - 티타임 : hh:mm - 코스 : {전반}/{후반} - 내장객 : {내장객 명} - 단체명 : {단체팀명} - 그늘집명 : {그늘집명} - 주문액 : nn,nnn - 합계 : nn,nnn - from ~ to [엑셀 다운로드] 버튼 - [닫기] 버튼 | J57: 캐디 리스트
A58: =COUNTA($I$3:$I58) -> 56 | B58: 캐디 관리 | C58: 캐디 리스트 | G58: - | H58: 1. 엑셀 다운로드의 from~to 설정 2. [엑셀 다운로드] 버튼 선택 | I58: 1. 선택한 기간으로 엑셀다운로드 됨 | J58: 캐디 리스트
A59: =COUNTA($I$3:$I59) -> 57 | B59: 캐디 관리 | C59: 캐디 등록 관리 | D59: - | E59: - | F59: 제공 정보 | G59: - | H59: 1. [캐디 등록 관리] 메뉴 진입 2. 제공 정보 확인 | I59: 1. 캐디 등록 관리 메뉴 제공 됨(클라우드 UI) - 타이틀 : 캐디 등록 관리 - 안내 문구 영역 - [캐디 등록] / [캐디 수정/해지] 탭 - 탭 별 하위 항목 | J59: 캐디 등록 관리 | K59: PASS
A60: =COUNTA($I$3:$I60) -> 58 | B60: 캐디 관리 | C60: 캐디 등록 관리 | D60: - | E60: - | F60: 안내 문구 | G60: - | H60: 1. 안내 문구 영역 확인 | I60: 1. 안내 문구 제공됨 - 캐디를 등록하거나 등록된 캐디정보를 수정, 삭제할 수 있습니다. | J60: 캐디 등록 관리 | K60: PASS
A61: =COUNTA($I$3:$I61) -> 59 | B61: 캐디 관리 | C61: 캐디 등록 관리 | D61: 캐디 등록 탭 | E61: - | F61: 제공 정보 | G61: - | H61: 1. [캐디 등록] 탭 선택 2. 제공 정보 확인 | I61: 1. 캐디 등록 탭 제공 됨 - [입력란 추가] / [저장] 버튼 - 성명 / 구분 / 성별 / 휴대폰 / 자격취득일 / 카트번호 / 태블릿 No. / 배터리 / 관리 | J61: 캐디 등록 관리 | K61: PASS
A62: =COUNTA($I$3:$I62) -> 60 | B62: 캐디 관리 | C62: 캐디 등록 관리 | E62: - | F62: 입력란 추가 | G62: - | H62: 1. [입력란 추가] 버튼 선택 | I62: 1. 행 추가됨 | J62: 캐디 등록 관리 | K62: PASS
A63: =COUNTA($I$3:$I63) -> 61 | B63: 캐디 관리 | C63: 캐디 등록 관리 | E63: - | F63: 성명 | G63: - | H63: 1. 성명 영역 확인 2. 성명 입력 | I63: 1. 성명 입력 가능 함 - 제한 없이 입력 가능 | J63: 캐디 등록 관리 | K63: PASS
A64: =COUNTA($I$3:$I64) -> 62 | B64: 캐디 관리 | C64: 캐디 등록 관리 | E64: - | F64: 구분 | G64: - | H64: 1. 구분 영역 확인 2. 구분 선택 | I64: 1. 구분 영역이 라디오 버튼으로 제공됨 - 하우스 캐디 / 외부 캐디 2. 구분 선택 가능함 | J64: 캐디 등록 관리 | K64: PASS
A65: =COUNTA($I$3:$I65) -> 63 | B65: 캐디 관리 | C65: 캐디 등록 관리 | E65: - | F65: 성별 | G65: - | H65: 1. 성별 영역 확인 2. 성별 선택 | I65: 1. 성별 영역이 라디오 버튼으로 제공됨 - 남성 / 여성 2. 성별 선택 가능함 | J65: 캐디 등록 관리 | K65: PASS
A66: =COUNTA($I$3:$I66) -> 64 | B66: 캐디 관리 | C66: 캐디 등록 관리 | E66: - | F66: 휴대폰 번호 | G66: - | H66: 1. 휴대폰 번호 영역 확인 2. 휴대폰 번호 입력 | I66: 1. 휴대폰 번호 입력 가능 함 | J66: 캐디 등록 관리 | K66: PASS
A67: =COUNTA($I$3:$I67) -> 65 | B67: 캐디 관리 | C67: 캐디 등록 관리 | E67: - | F67: 자격취득일 | G67: - | H67: 1. 자격취득일 영역 확인 2. 자격취득일 선택 | I67: 1. 자격취득일 영역 제공 됨 - 연도-월-일 2. 달력 팝업에서 자격취득일 선택 가능함 | J67: 캐디 등록 관리 | K67: PASS
A68: =COUNTA($I$3:$I68) -> 66 | B68: 캐디 관리 | C68: 캐디 등록 관리 | E68: - | F68: 저장 | G68: 1. 유효하게 입력된 상태 | H68: 1. [저장] 버튼 선택 | I68: 1. 입력한 내용으로 캐디 등록됨 | J68: 캐디 등록 관리 | K68: PASS
A69: =COUNTA($I$3:$I69) -> 67 | B69: 캐디 관리 | C69: 캐디 등록 관리 | D69: 캐디 수정/해지 탭 | E69: - | F69: 제공 정보 | G69: - | H69: 1. [캐디 수정/해지] 탭 선택 2. 제공 정보 확인 | I69: 1. 캐디 수정/해지 탭 제공됨 - 캐디명 입력 필드 / [적용] 버튼 - 캐디 리스트 영역 | J69: 캐디 등록 관리 | K69: PASS
A70: =COUNTA($I$3:$I70) -> 68 | B70: 캐디 관리 | C70: 캐디 등록 관리 | E70: 검색 영역 | F70: 검색어 입력 필드 | G70: - | H70: 1. 검색어 입력 필드 확인 2. 검색어 입력 | I70: 1. 검색어 입력 필드 제공됨 - Placeholder : 캐디명을 입력하세요 2. 검색어 입력 가능함 | J70: 캐디 등록 관리 | K70: PASS
A71: =COUNTA($I$3:$I71) -> 69 | B71: 캐디 관리 | C71: 캐디 등록 관리 | F71: 검색 | G71: - | H71: 1. 검색어 입력 2. Enter or [적용] 버튼 선택 | I71: 1. 입력한 내용으로 검색됨 | J71: 캐디 등록 관리 | K71: PASS
A72: =COUNTA($I$3:$I72) -> 70 | B72: 캐디 관리 | C72: 캐디 등록 관리 | E72: 캐디 리스트 영역 | F72: 제공 정보 | G72: - | H72: 1. 캐디 리스트 영역 확인 | I72: 1. 캐디 리스트 영역 제공됨 - 성명 / 구분 / 성별 / 휴대폰 / 자격취득일 / 카트번호 / 태블릿 No. / 배터리 / 관리 | J72: 캐디 등록 관리 | K72: PASS
A73: =COUNTA($I$3:$I73) -> 71 | B73: 캐디 관리 | C73: 캐디 등록 관리 | G73: 1. 캐디 상태 : 활성화 | H73: 1. 관리 컬럼에 제공되는 버튼 확인 | I73: 1. [수정] / [해지] 버튼 제공됨 | J73: 캐디 등록 관리 | K73: PASS
A74: =COUNTA($I$3:$I74) -> 72 | B74: 캐디 관리 | C74: 캐디 등록 관리 | G74: 1. 캐디 상태 : 해지 | H74: 1. 관리 컬럼에 제공되는 버튼 확인 | I74: 1. [완전삭제] 버튼 제공됨 | J74: 캐디 등록 관리 | K74: PASS
A75: =COUNTA($I$3:$I75) -> 73 | B75: 캐디 관리 | C75: 캐디 등록 관리 | F75: 수정 | G75: 1. 캐디 상태 :활성화 | H75: 1. [수정] 버튼 선택 2. 캐디 정보 수정 3. [저장] 버튼 선택 | I75: 1. 수정 버튼 선택 시 편집 상태로 변경됨 - [저장] 버튼 제공 2. 모든 항목 수정 가능함 | J75: 캐디 등록 관리 | K75: PASS
A76: =COUNTA($I$3:$I76) -> 74 | B76: 캐디 관리 | C76: 캐디 등록 관리 | F76: 해지 | G76: 1. 캐디 상태 :활성화 | H76: 1. [해지] 버튼 선택 | I76: 1. 해지 확인 팝업 제공됨 - 문구 : 캐디를 해지하시겠습니까? - [취소] / [확인] 버튼 | J76: 캐디 등록 관리 | K76: PASS
A77: =COUNTA($I$3:$I77) -> 75 | B77: 캐디 관리 | C77: 캐디 등록 관리 | H77: 1. [해지] 버튼 선택 2. [취소] 버튼 선택 | I77: 1. 해지 확인 팝업 닫힘 | K77: PASS
A78: =COUNTA($I$3:$I78) -> 76 | B78: 캐디 관리 | C78: 캐디 등록 관리 | H78: 1. [해지] 버튼 선택 2. [확인] 버튼 선택 | I78: 1. 해지 처리 완료되며 [완전삭제] 버튼 노출됨 | K78: PASS
A79: =COUNTA($I$3:$I79) -> 77 | B79: 캐디 관리 | C79: 캐디 등록 관리 | F79: 완전삭제 | G79: 1. 캐디 상태 : 해지 | H79: 1. [완전삭제] 버튼 선택 | I79: 1. 완전삭제 확인 팝업 제공됨 - 문구 : 해당 캐디 정보를 완전히 삭제하시겠습니까? \n 삭제 시 해당 캐디 정보를 복구할 수 없습니다. - [확인] / [취소] 버튼 | J79: 캐디 등록 관리 | K79: PASS
A80: =COUNTA($I$3:$I80) -> 78 | B80: 캐디 관리 | C80: 캐디 등록 관리 | H80: 1. [완전삭제] 버튼 선택 2. [취소] 버튼 선택 | I80: 1. 완전삭제 확인 팝업 닫힘 | J80: 캐디 등록 관리 | K80: PASS
A81: =COUNTA($I$3:$I81) -> 79 | B81: 캐디 관리 | C81: 캐디 등록 관리 | H81: 1. [완전삭제] 버튼 선택 2. [확인] 버튼 선택 | I81: 1. 완전삭제되며 리스트에서 제거됨 - 캐디 리스트에도 반영됨 | J81: 캐디 등록 관리 | K81: PASS
A82: =COUNTA($I$3:$I82) -> 80 | B82: 캐디 관리 | C82: 캐디 실적 | D82: - | E82: - | F82: 제공 정보 | G82: - | H82: 1. [캐디 실적] 메뉴 진입 2. 제공 정보 확인 | I82: 1. 캐디 실적 메뉴 제공됨(클라우드 UI) - 타이틀 : 캐디 실적 - 안내 문구 영역 - 검색 필터 영역 - [내보내기] 버튼 - 캐디 리스트 영역 | J82: 캐디 실적 | K82: PASS
A83: =COUNTA($I$3:$I83) -> 81 | B83: 캐디 관리 | C83: 캐디 실적 | D83: - | E83: - | F83: 안내 문구 | G83: - | H83: 1. 안내 문구 영역 확인 | I83: 1. 안내 문구 제공됨 - 문구 : 스마트스코어 태블릿을 통해 스마트스코어 앱으로 사용자 등록을 하여, \n 스마트스코어와 골프장의 발전에 기여한 내역을 확인할 수 있습니다. | J83: 캐디 실적 | K83: FAIL | L83: QA-14896 | M83: 기획과 상이
A84: =COUNTA($I$3:$I84) -> 82 | B84: 캐디 관리 | C84: 캐디 실적 | D84: 검색 영역 | E84: - | F84: 제공 정보 | G84: - | H84: 1. 검색 영역 확인 | I84: 1. 검색 영역 제공됨 - yyyy.mm.dd ~ yyyy.mm.dd / [조회] 버튼 | J84: 캐디 실적 | K84: PASS
A85: =COUNTA($I$3:$I85) -> 83 | B85: 캐디 관리 | C85: 캐디 실적 | E85: - | F85: 검색 | G85: - | H85: 1. from ~ to 날짜 선택 2. [검색] 버튼 선택 | I85: 1. from ~ to 날짜 선택 가능함 2. 선택한 날짜로 검색 가능함 | J85: 캐디 실적 | K85: PASS
A86: =COUNTA($I$3:$I86) -> 84 | B86: 캐디 관리 | C86: 캐디 실적 | D86: 엑셀파일 다운로드 | E86: - | F86: 엑셀파일 다운로드 | G86: - | H86: 1. [내보내기] 버튼 선택 | I86: 1. 엑셀파일 다운로드 가능함 - 동일한 컬럼으로 값 제공 | J86: 캐디 실적 | K86: PASS
A87: =COUNTA($I$3:$I87) -> 85 | B87: 캐디 관리 | C87: 캐디 실적 | D87: 캐디 리스트 영역 | E87: - | F87: 제공 정보 | G87: - | H87: 1. 캐디 리스트 영역 확인 | I87: 1. 캐디 리스트 제공됨 - 캐디명 / 신규회원 추천수 / 유효 내장객수 / ss회원수 / ss비율(%) | J87: 캐디 실적 | K87: PASS
A88: =COUNTA($I$3:$I88) -> 86 | B88: 캐디 관리 | C88: 캐디 실적 | E88: - | F88: 신규회원 추천수 | G88: 1. 추천받은 캐디 선택 상태 | H88: 1. 신규회원 추천수 영역 확인 | I88: 1. 신규 회원이 캐디를 추천할 경우 신규회원 추천수 카운팅됨 | J88: 뇌피셜 | K88: PASS
A89: =COUNTA($I$3:$I89) -> 87 | B89: 캐디 관리 | C89: 캐디 실적 | E89: - | F89: 유효 내장객수 | G89: 1. 라운딩 완료 상태 | H89: 1. 유효 내장객수 영역 확인 | I89: 1. 태블릿에서 캐디 선택 후 라운딩 완료 시 내장객 수 만큼 카운팅됨 | J89: 뇌피셜 | K89: PASS
A90: =COUNTA($I$3:$I90) -> 88 | B90: 캐디 관리 | C90: 캐디 실적 | E90: - | F90: SS회원수 | G90: 1. 라운딩 완료 상태 | H90: 1. SS회원수 영역 확인 | I90: 1. 라운딩 전송 시 태블릿에 등록된 번호가 SS회원일 경우 SS회원수에 내장객 수 만큼 카운팅됨 | J90: 뇌피셜 | K90: PASS
A91: =COUNTA($I$3:$I91) -> 89 | B91: 캐디 관리 | C91: 캐디 실적 | E91: - | F91: SS비율 | G91: - | H91: 1. SS비율(%) 영역 확인 | I91: 1. 유효 내장객 수와 SS회원수로 비율 제공됨 | J91: 뇌피셜 | K91: PASS

Sheet 캐디피 관리
A1: No. | C1: 화면 | F1: 기능 | G1: 사전 조건 | H1: 절차 | I1: 예상결과 | J1: 기획서 | K1: QA 확인 결과 | L1: JIRA | M1: 비고 | N1: 담당자
B2: 0 dapth | C2: 1 depth | D2: 2 depth | E2: 3 depth
A3: =COUNTA($I$3:$I3) -> 1 | B3: 카트내결제 | C3: 카트내결제 | D3: - | E3: - | F3: 메뉴 진입 | G3: 1. 태블릿 캐디피 결제 : OFF - SS어드민 클럽 설정 | H3: 1. [카트내결제] 메뉴 진입 | I3: 1. 경기 관제 홈으로 이동됨 | J3: - | K3: PASS
A4: =COUNTA($I$3:$I4) -> 2 | B4: 카트내결제 | C4: 카트내결제 | G4: 1. 태블릿 캐디피 결제 : ON - SS어드민 클럽 설정 | H4: 1. [카트내결제] 메뉴 진입 2. 메뉴 구성 확인 | I4: 1. 캐디피 관리 메뉴 제공됨 - 캐디피 설정 - 캐디피 통계 - 캐디피 결제내역 - 캐디 자료 / 신고서 | J4: - | K4: PASS
A5: =COUNTA($I$3:$I5) -> 3 | B5: 카트내결제 | C5: 캐디피 설정 | D5: - | E5: - | F5: 제공 정보 | G5: 1. 태블릿 캐디피 결제 : ON - SS어드민 클럽 설정 | H5: 1. 캐디피 관리 > 캐디피 설정 진입 2. 제공 정보 확인 | I5: 1. 캐디피 설정 메뉴 정보 제공됨(클라우드 UI) - 타이틀 : 캐디피 설정 - 안내 문구영역 - 기능 설정 영역 - 금액 설정 영역 - [저장] 버튼 | J5: 캐디피 설정 | K5: PASS
A6: =COUNTA($I$3:$I6) -> 4 | B6: 카트내결제 | C6: 캐디피 설정 | D6: - | E6: - | F6: 안내 문구 | G6: - | H6: 1. 안내 문구 영역 확인 | I6: 1. 안내 문구 제공됨 - 골프장의 캐디피를 설정 및 감사팁 결제 여부를 설정할 수 있습니다. | J6: 캐디피 설정 | K6: PASS
A7: =COUNTA($I$3:$I7) -> 5 | B7: 카트내결제 | C7: 캐디피 설정 | D7: 기능 설정 영역 | E7: - | F7: 제공 정보 | G7: - | H7: 1. 기능 설정 영역 확인 | I7: 1. 기능 설정 영역이 제공됨 - 기능명 : 감사팁 결제 - 상세설명 : 태블릿에서 감사팁 결제 기능을 사용합니다. - 설정 : ON / OFF 토글 | J7: 캐디피 설정 | K7: PASS
A8: =COUNTA($I$3:$I8) -> 6 | B8: 카트내결제 | C8: 캐디피 설정 | E8: - | F8: 감사팁 ON/OFF 설정 | G8: - | H8: 1. OFF > ON 설정 > 저장 2. ON > OFF 설정 > 저장 | I8: 1. ON / OFF 설정 가능함 * 동작 유무는 태블릿에서 확인 | J8: 캐디피 설정 | K8: PASS
A9: =COUNTA($I$3:$I9) -> 7 | B9: 카트내결제 | C9: 캐디피 설정 | D9: 금액 설정 영역 | E9: - | F9: 제공 정보 | G9: - | H9: 1. 금액 설정 영역 확인 | I9: 1. 금액 설정 영역이 제공됨 - 안내 문구 : 작성한 금액은 캐디피 결제 시 고정 금액으로 설정됩니다. 입력 시 숫자만 입력해 주세요. - 캐디피 입력 필드 | J9: 캐디피 설정 | K9: PASS
A10: =COUNTA($I$3:$I10) -> 8 | B10: 카트내결제 | C10: 캐디피 설정 | E10: - | F10: 캐디피 금액 설정 | G10: 1. 캐디피 : 미입력 | H10: 1. 캐디피 입력 2. [저장] 버튼 선택 | I10: 1. 캐디피 미입력 시 0으로 저장 됨 - 문구 : 저장이 완료되었습니다. | J10: 캐디피 설정 | K10: PASS
A11: =COUNTA($I$3:$I11) -> 9 | B11: 카트내결제 | C11: 캐디피 설정 | E11: - | G11: 1. 캐디피 : 숫자 외 | H11: 1. 캐디피 입력 | I11: 1. 숫자 외 입력 불가 함 | J11: 캐디피 설정 | K11: PASS
A12: =COUNTA($I$3:$I12) -> 10 | B12: 카트내결제 | C12: 캐디피 설정 | E12: - | G12: 1. 캐디피 : 숫자 | H12: 1. 캐디피 입력 2. [저장] 버튼 선택 | I12: 1. 입력한 캐디피로 저장 됨 - 문구 : 저장 되었습니다. | J12: 캐디피 설정 | K12: PASS
A13: =COUNTA($I$3:$I13) -> 11 | B13: 카트내결제 | C13: 캐디피 통계 | D13: - | E13: - | F13: 제공 정보 | G13: - | H13: 1. 캐디피 관리 > 캐디피 통계 진입 2. 제공 정보 확인 | I13: 1. 캐디피 통계 정보 제공됨(클라우드 UI) - 검색 필터 - 결제금액 추이 영역 - 결제유형 비율 영역 / 캐디 순위 영역 - 상세 내역 영역 | J13: 캐디피 통계 | K13: FAIL | L13: QA-14906 | M13: 안내 문구 줄바꿈처리 안되어있음
A14: =COUNTA($I$3:$I14) -> 12 | B14: 카트내결제 | C14: 캐디피 통계 | D14: 검색 영역 | E14: - | F14: 검색 | G14: - | H14: 1. 검색 기간 영역 확인 | I14: 1. 검색 기간 영역 제공됨 - from~to / [초기화] / [검색] | J14: 캐디피 통계
A15: =COUNTA($I$3:$I15) -> 13 | B15: 카트내결제 | C15: 캐디피 통계 | E15: - | F15: 검색 | G15: - | H15: 1. 검색 기간 확인 2. from 날짜 선택 3. to 날짜 선택 | I15: 1. 검색 기간 선택 항목이 제공됨 - Default : 어제~어제 2. Date picker 제공되며 시작 날짜 선택 가능함 3. 종료 날짜 선택 가능함 * 종료 날짜가 시작 날짜보다 빠를 수 없음 | J15: 캐디피 통계
A16: =COUNTA($I$3:$I16) -> 14 | B16: 카트내결제 | C16: 캐디피 통계 | E16: - | G16: 1. from ~ to 날짜 선택 | H16: 1. [검색] 버튼 선택 | I16: 1. 선택한 날짜로 검색됨 - 최근 15일 결제금액 추이는 유지 | J16: 캐디피 통계
A17: =COUNTA($I$3:$I17) -> 15 | B17: 카트내결제 | C17: 캐디피 통계 | E17: - | F17: 초기화 | G17: - | H17: 1. [초기화] 버튼 선택 | I17: 1. 모든 항목이 초기화됨 | J17: 캐디피 통계
A18: =COUNTA($I$3:$I18) -> 16 | B18: 카트내결제 | C18: 캐디피 통계 | D18: 결제금액 추이 영역 | E18: - | F18: 그래프 제공 정보 | G18: 1. 결제금액 : X | H18: 1. n월 결제금액 추이 영역 확인 | I18: 1. 결제금액 추이 그래프가 제공되지 않음 - 문구 : 결제된 건이 없습니다. | J18: 캐디피 통계
A19: =COUNTA($I$3:$I19) -> 17 | B19: 카트내결제 | C19: 캐디피 통계 | E19: - | G19: 1. 결제금액 : 캐디피 | H19: 1. n월 결제금액 추이 그래프 확인 | I19: 1. n월 결제금액 추이가 막대 그래프로 제공됨 | J19: 캐디피 통계
A20: =COUNTA($I$3:$I20) -> 18 | B20: 카트내결제 | C20: 캐디피 통계 | E20: - | G20: 1. 결제금액 : 감사팁 | H20: 1. n월 결제금액 추이 그래프 확인 | I20: 1. 감사팁은 캐디피 통계에 집계되지 않음 | J20: 캐디피 통계
A21: =COUNTA($I$3:$I21) -> 19 | B21: 카트내결제 | C21: 캐디피 통계 | E21: - | F21: 마우스 호버 | G21: 1. 결제금액 : O | H21: 1. 결제금액 추이 그래프에 마우스 호버 | I21: 1. 마우스 호버 시 해당 날짜와 금액이 툴팁으로 제공됨 - 툴팁 : day[dd] : n,nnn,nnn원 | J21: 캐디피 통계
A22: =COUNTA($I$3:$I22) -> 20 | B22: 카트내결제 | C22: 캐디피 통계 | D22: 결제유형 비율 영역 | E22: - | F22: 그래프 제공 정보 | G22: 1. 결제금액 : X | H22: 1. 결제유형 비율 영역 확인 | I22: 1. 결제유형 비율 그래프가 제공되지 않음 - 문구 : 결제된 건이 없습니다. | J22: 캐디피 통계
A23: =COUNTA($I$3:$I23) -> 21 | B23: 카트내결제 | C23: 캐디피 통계 | E23: - | G23: 1. 결제금액 : 캐디피 | H23: 1. 결제유형 비율 그래프 확인 | I23: 1. 결제유형 비율이 원형 그래프로 제공됨 2. 결제유형을 나타내는 범례가 우측에 제공됨 - 앱 결제 - 태블릿 - 카드 결제 - 태블릿 - 현금 결제 | J23: 캐디피 통계
A24: =COUNTA($I$3:$I24) -> 22 | B24: 카트내결제 | C24: 캐디피 통계 | E24: - | G24: 1. 결제금액 : 감사팁 | H24: 1. 결제유형 비율 그래프 확인 | I24: 1. 감사팁은 캐디피 통계에 집계되지 않음 | J24: 캐디피 통계
A25: =COUNTA($I$3:$I25) -> 23 | B25: 카트내결제 | C25: 캐디피 통계 | E25: - | F25: 비율 & 마우스 호버 | G25: 1. 앱 결제 : O | H25: 1. 결제 유형 그래프 확인 2. 앱 결제 영역에 마우스 호버 | I25: 1. 그래프 내 앱 결제 비율이 %로 제공됨 2. 마우스 호버 시 결제 유형과 건 수 가 툴팁으로 제공됨 - 툴팁 : [결제유형] : n건 | J25: 캐디피 통계
A26: =COUNTA($I$3:$I26) -> 24 | B26: 카트내결제 | C26: 캐디피 통계 | E26: - | G26: 1. 태블릿-카드 결제 : O | H26: 1. 결제 유형 그래프 확인 2. 태블릿 결제 영역에 마우스 호버 | I26: 1. 그래프 내 태블릿 결제 비율이 %로 제공됨 2. 마우스 호버 시 결제 유형과 건 수 가 툴팁으로 제공됨 - 툴팁 : [결제유형] : n건 | J26: 캐디피 통계
A27: =COUNTA($I$3:$I27) -> 25 | B27: 카트내결제 | C27: 캐디피 통계 | E27: - | G27: 1. 태블릿-현금 결제 : O | H27: 1. 결제 유형 그래프 확인 2. 현금 결제 영역에 마우스 호버 | I27: 1. 그래프 내 현금 결제 비율이 %로 제공됨 2. 마우스 호버 시 결제 유형과 건 수 가 툴팁으로 제공됨 - 툴팁 : [결제유형] : n건 | J27: 캐디피 통계
A28: =COUNTA($I$3:$I28) -> 26 | B28: 카트내결제 | C28: 캐디피 통계 | D28: 캐디피 결제 금액 순위 영역 | E28: - | F28: 제공 정보 | G28: - | H28: 1. 캐디피 결제 금액 순위 영역 확인 | I28: 1. 캐디피 결제 금액 순위 영역 제공됨 - [전체] / [카드결제] / [현금결제] / [앱결제] - 순위 리스트 | J28: 캐디피 통계
A29: =COUNTA($I$3:$I29) -> 27 | B29: 카트내결제 | C29: 캐디피 통계 | E29: - | F29: 순위 제공 정보 | G29: 1. 결제금액 : X | H29: 1. 캐디피 순위 영역 확인 | I29: 1. 캐디피 순위 리스트가 제공되지 않음 - 문구 : 결제된 건이 없습니다. | J29: 캐디피 통계
A30: =COUNTA($I$3:$I30) -> 28 | B30: 카트내결제 | C30: 캐디피 통계 | E30: - | G30: 1. 결제금액 : 캐디피 | H30: 1. 캐디피 순위 리스트 확인 | I30: 1. 캐디피 순위가 제공됨 - 순위 / 캐디명 / n원 | J30: 캐디피 통계
A31: =COUNTA($I$3:$I31) -> 29 | B31: 카트내결제 | C31: 캐디피 통계 | E31: - | G31: 1. 결제금액 : 감사팁 | H31: 1. 캐디피 순위 리스트 확인 | I31: 1. 감사팁은 캐디피 통계에 집계되지 않음 | J31: 캐디피 통계
A32: =COUNTA($I$3:$I32) -> 30 | B32: 카트내결제 | C32: 캐디피 통계 | E32: - | F32: 수단 별 순위 | G32: 1. 카드 결제 : O 2. 현금 결제 : O 3. 앱 결제 : O | H32: 1. [전체] 탭 선택 2. 결제 금액 확인 | I32: 1. 모든 수단의 합산 금액으로 순위 제공됨 - 카드 + 현금 + 앱 | J32: 캐디피 통계
A33: =COUNTA($I$3:$I33) -> 31 | B33: 카트내결제 | C33: 캐디피 통계 | E33: - | H33: 1. [카드결제] 탭 선택 2. 결제 금액 확인 | I33: 1. 카드 결제 금액으로 순위 제공됨 | J33: 캐디피 통계
A34: =COUNTA($I$3:$I34) -> 32 | B34: 카트내결제 | C34: 캐디피 통계 | E34: - | H34: 1. [현금결제] 탭 선택 2. 결제 금액 확인 | I34: 1. 현금 결제 금액으로 순위 제공됨 | J34: 캐디피 통계
A35: =COUNTA($I$3:$I35) -> 33 | B35: 카트내결제 | C35: 캐디피 통계 | E35: - | H35: 1. [앱결제] 탭 선택 2. 결제 금액 확인 | I35: 1. 앱 결제 금액으로 순위 제공됨 | J35: 캐디피 통계
A36: =COUNTA($I$3:$I36) -> 34 | B36: 카트내결제 | C36: 캐디피 통계 | E36: - | F36: 순위 로직 | G36: 1. 캐디피 순위 - 1위 ~ 5위 * 각 다른 금액으로 순위 노출 | H36: 1. 캐디피 순위 리스트 확인 | I36: 1. 캐디피 순위가 5위까지 제공됨 - 1위(금메달) / 캐디명 / n원 - 2위(은메달) / 캐디명 / n원 - 3위(동메달) / 캐디명 / n원 - 4위 / 캐디명 / n원 - 5위 / 캐디명 / n원 | J36: 캐디피 통계
A37: =COUNTA($I$3:$I37) -> 35 | B37: 카트내결제 | C37: 캐디피 통계 | E37: - | G37: 1. 캐디피 순위 - 1위 - 2위 ~ 3위 동률 - 4위 - 5위 | H37: 1. 캐디피 순위 리스트 확인 | I37: 1. 동률인 1~3위가 모두 금메달로 시각화되어 순위가 제공됨 - 1위(금메달) / 캐디명 / n원 - 2위(은메달) / 캐디명, 캐디명 / n원 - 3위(동메달) / - / -원 - 4위 / 캐디명 / n원 - 5위 / 캐디명 / n원 | J37: 캐디피 통계
A38: =COUNTA($I$3:$I38) -> 36 | B38: 카트내결제 | C38: 캐디피 통계 | E38: - | G38: 1. 캐디피 순위 - 1위 - 2위 - 3위 - 4위 - 5위 (동률 n명) | H38: 1. 캐디피 순위 리스트 확인 | I38: 1. 캐디피 순위가 5위까지 제공됨 - 1위(금메달) / 캐디명 / n원 - 2위(은메달) / 캐디명 / n원 - 3위(동메달) / 캐디명 / n원 - 4위 / 캐디명 / n원 - 5위 / 캐디명 외 n명 / n원 2. 5위에 n명 클릭 시 툴팁으로 캐디명 제공됨 | J38: 캐디피 통계
A39: =COUNTA($I$3:$I39) -> 37 | B39: 카트내결제 | C39: 캐디피 통계 | D39: 리스트 영역 | E39: - | F39: 상세 내역 제공 정보 | G39: 1. 결제내역 : X | H39: 1. 상세 내역 리스트 확인 | I39: 1. 상세 내역 리스트가 제공되지 않음 - 문구 : 결제된 건이 없습니다. | J39: 캐디피 통계
A40: =COUNTA($I$3:$I40) -> 38 | B40: 카트내결제 | C40: 캐디피 통계 | E40: - | G40: 1. 결제내역 : O | H40: 1. 상세 내역 리스트 확인 | I40: 1. 상세 내역 리스트가 제공됨 - 일자 / 합계(순결제건/금액) / 개인앱(순결제건/금액) / 태블릿(순결제건/금액) | J40: 캐디피 통계
A41: =COUNTA($I$3:$I41) -> 39 | B41: 카트내결제 | C41: 캐디피 통계 | E41: - | F41: 엑셀 다운로드 | G41: 1. 결제내역 : O | H41: 1. [엑셀 다운로드] 버튼 선택 2. 엑셀 파일 확인 | I41: 1. 정상적으로 엑셀 다운로드 됨 2. 파일 확인 시 동일한 컬럼 값으로 제공됨 | J41: 캐디피 통계
A42: =COUNTA($I$3:$I42) -> 40 | B42: 카트내결제 | C42: 캐디피 통계 | E42: - | F42: 정렬 기준 | G42: 1. 결제내역 : O | H42: 1. 상세 내역에서 정렬 확인 | I42: 1. 최신 날짜순으로 정렬됨 | J42: 캐디피 통계
A43: =COUNTA($I$3:$I43) -> 41 | B43: 카트내결제 | C43: 캐디피 통계 | E43: - | F43: 개인앱_통계 | G43: 1. 결제내역 : O (감사팁) | H43: 1. 순결제 건 카운트 확인 2. 금액 확인 | I43: 1. 감사팁 내역은 집계되지 않음 | J43: 캐디피 통계
A44: =COUNTA($I$3:$I44) -> 42 | B44: 카트내결제 | C44: 캐디피 통계 | E44: - | G44: 1. 결제내역 : O (캐디피) | H44: 1. 순결제 건 카운트 확인 2. 금액 확인 | I44: 1. 순결제 건이 해당 날짜에 결제된 건 수 만큼 카운팅 됨 2. 금액이 결제된 건수 만큼 합산되어 제공됨 (결제 수수료 포함) | J44: 캐디피 통계
A45: =COUNTA($I$3:$I45) -> 43 | B45: 카트내결제 | C45: 캐디피 통계 | E45: - | F45: 태블릿_통계 | G45: 1. 결제내역 : O (감사팁) | H45: 1. 순결제 건 카운트 확인 2. 금액 확인 | I45: 1. 감사팁 내역은 집계되지 않음 | J45: 캐디피 통계
A46: =COUNTA($I$3:$I46) -> 44 | B46: 카트내결제 | C46: 캐디피 통계 | E46: - | G46: 1. 결제내역 : O (캐디피) | H46: 1. 순결제 건 카운트 확인 2. 금액 확인 | I46: 1. 순결제 건이 해당 날짜에 결제된 건 수 만큼 카운팅 됨 2. 금액이 결제된 건수 만큼 합산되어 제공됨 (결제 수수료 포함) | J46: 캐디피 통계
A47: =COUNTA($I$3:$I47) -> 45 | B47: 카트내결제 | C47: 캐디피 통계 | E47: - | F47: 합계 | G47: 1. 결제내역 : O | H47: 1. 순결제 건 카운트 확인 2. 금액 확인 | I47: 1. 합계의 순결제 건이 제공됨 - 개인앱+태블릿 2. 합계의 금액이 제공됨 - 개인앱+태블릿 | J47: 캐디피 통계
A48: =COUNTA($I$3:$I48) -> 46 | B48: 카트내결제 | C48: 캐디피 통계 | E48: - | F48: 페이지 네이션 | G48: 1. 결제 내역 : 10건 이하 | H48: 1. 페이지네이션 확인 | I48: 1. 결제 내역이 한 페이지에 전부 노출 됨 - 리스트 10개까지 노출 | J48: 캐디피 통계
A49: =COUNTA($I$3:$I49) -> 47 | B49: 카트내결제 | C49: 캐디피 통계 | E49: - | G49: 1. 결제 내역 : 10건 초과 | H49: 1. 페이지네이션 확인 | I49: 1. 페이지네이션 처리되어 리스트 제공됨 - 리스트 10개까지 노출 - [처음][이전][1][2][다음][끝] 2. 페이지네이션 기능이 정상적으로 동작 됨 | J49: 캐디피 통계
A50: =COUNTA($I$3:$I50) -> 48 | B50: 카트내결제 | C50: 캐디피 결제내역 | D50: - | E50: - | F50: 제공 정보 | G50: - | H50: 1. 캐디피 관리 > 캐디피 결제내역 진입 2. 제공 정보 확인 | I50: 1. 캐디피 결제내역 페이지의 정보가 제공됨(클라우드 UI) - 안내 문구 영역 - 검색 필터 영역 - [결제내역 다운] 버튼 - 리스트 영역 | J50: 캐디피 결제내역
A51: =COUNTA($I$3:$I51) -> 49 | B51: 카트내결제 | C51: 캐디피 결제내역 | D51: - | E51: - | F51: 안내 문구 | G51: - | H51: 1. 안내 문구 영역 확인 | I51: 1. 안내 문구 제공됨 - 캐디피 결제 내역 조회 및 결제 취소를 할 수 있습니다. | J51: 캐디피 결제내역
A52: =COUNTA($I$3:$I52) -> 50 | B52: 카트내결제 | C52: 캐디피 결제내역 | D52: 검색 영역 | E52: - | F52: 조회 기간 | G52: - | H52: 1. 조회 기간 영역 확인 2. 조회 기간 선택 | I52: 1. 조회 기간 선택 항목이 제공됨 - Default : 당월 (이번 달) 2. 시작 날짜 선택 가능함 3. 종료 날짜 선택 가능함 * 종료 날짜가 시작 날짜보다 빠를 수 없음 | J52: 캐디피 결제내역
A53: =COUNTA($I$3:$I53) -> 51 | B53: 카트내결제 | C53: 캐디피 결제내역 | E53: - | G53: - | H53: 1. 조회 기간 영역 확인 2. 기간 선택 칩 버튼 선택 | I53: 1. 기간 선택 칩 버튼이 제공됨 - Default : 이번 달 - [이번 달] / [최근 30일] / [최근 60일] / [최근 90일] 2. 칩 버튼 선택 시 시작일/종료일에 기간 입력 됨 - 이번 달 : 당월 시작일 ~ 오늘 - 최근 30일 : 29일 전 ~ 오늘 - 최근 60일 : 59일 전 ~ 오늘 - 최근 90일 : 89일 전 ~ 오늘 | J53: 캐디피 결제내역
A54: =COUNTA($I$3:$I54) -> 52 | B54: 카트내결제 | C54: 캐디피 결제내역 | E54: - | F54: 결제 구분 | G54: - | H54: 1. 결제 구분 드롭다운 메뉴 확인 2. 드롭 다운 메뉴 선택 | I54: 1. 결제 구분 드롭 다운 메뉴 제공됨 - Default : 전체 - 항목 : 전체 / 감사팁 / 캐디피 2. 결제 구분 선택 가능함 | J54: 캐디피 결제내역
A55: =COUNTA($I$3:$I55) -> 53 | B55: 카트내결제 | C55: 캐디피 결제내역 | E55: - | F55: 결제 방법 | G55: - | H55: 1. 결제 방법 드롭다운 메뉴 확인 2. 드롭 다운 메뉴 선택 | I55: 1. 결제 방법 드롭 다운 메뉴 제공됨 - Default : 전체 - 항목 : 전체 / 태블릿 / 개인앱 2. 결제 방법 선택 가능함 | J55: 캐디피 결제내역
A56: =COUNTA($I$3:$I56) -> 54 | B56: 카트내결제 | C56: 캐디피 결제내역 | E56: - | F56: 결제유형_개인앱 | G56: 1. 1차 결제 유형 : 개인앱 | H56: 1. 2차 결제 유형 확인 2. 2차 결제 유형 선택 | I56: 1. 2차 결제 유형이 드롭 다운 메뉴로 제공됨 - 전체 / 신용카드 / 스스페이 / 페이결제 / 내통장결제 2. 2차 결제 유형 선택 가능함 | J56: 캐디피 결제내역
A57: =COUNTA($I$3:$I57) -> 55 | B57: 카트내결제 | C57: 캐디피 결제내역 | E57: - | G57: 1. 1차 결제 유형 : 개인앱 2. 2차 결제 유형 : 신용카드 | H57: 1. 3차 결제 유형 확인 | I57: 1. 3차 결제 유형 선택 불가 함 | J57: 캐디피 결제내역
A58: =COUNTA($I$3:$I58) -> 56 | B58: 카트내결제 | C58: 캐디피 결제내역 | E58: - | G58: 1. 1차 결제 유형 : 개인앱 2. 2차 결제 유형 : 스스페이 | H58: 1. 3차 결제 유형 확인 | I58: 1. 3차 결제 유형 선택 불가 함 | J58: 캐디피 결제내역
A59: =COUNTA($I$3:$I59) -> 57 | B59: 카트내결제 | C59: 캐디피 결제내역 | E59: - | G59: 1. 1차 결제 유형 : 개인앱 2. 2차 결제 유형 : 페이결제 | H59: 1. 3차 결제 유형 확인 2. 3차 결제 유형 선택 | I59: 1. 3차 결제 유형이 제공됨 - 카카오페이 / 네이버페이 / 페이코 / 삼성페이 / 토스페이 2. 3차 결제 유형 선택 가능함 | J59: 캐디피 결제내역
A60: =COUNTA($I$3:$I60) -> 58 | B60: 카트내결제 | C60: 캐디피 결제내역 | E60: - | G60: 1. 1차 결제 유형 : 개인앱 2. 2차 결제 유형 : 내통장결제 | H60: 1. 3차 결제 유형 확인 2. 3차 결제 유형 선택 | I60: 1. 3차 결제 유형이 제공됨 - 전체 2. 3차 결제 유형 선택 가능함 | J60: 캐디피 결제내역
A61: =COUNTA($I$3:$I61) -> 59 | B61: 카트내결제 | C61: 캐디피 결제내역 | E61: - | F61: 결제유형_태블릿 | G61: 1. 1차 결제 유형 : 태블릿 | H61: 1. 2차 결제 유형 확인 2. 2차 결제 유형 선택 | I61: 1. 2차 결제 유형이 드롭 다운 메뉴로 제공됨 - 카드결제 / 현금 2. 2차 결제 유형 선택 가능함 | J61: 캐디피 결제내역
A62: =COUNTA($I$3:$I62) -> 60 | B62: 카트내결제 | C62: 캐디피 결제내역 | E62: - | G62: 1. 1차 결제 유형 : 태블릿 2. 2차 결제 유형 : 신용카드 | H62: 1. 3차 결제 유형 확인 | I62: 1. 3차 결제 유형 제공되지 않음 | J62: 캐디피 결제내역
A63: =COUNTA($I$3:$I63) -> 61 | B63: 카트내결제 | C63: 캐디피 결제내역 | E63: - | G63: 1. 1차 결제 유형 : 태블릿 2. 2차 결제 유형 : 현금 | H63: 1. 3차 결제 유형 확인 | I63: 1. 3차 결제 유형 제공되지 않음 | J63: 캐디피 결제내역
A64: =COUNTA($I$3:$I64) -> 62 | B64: 카트내결제 | C64: 캐디피 결제내역 | E64: - | F64: 결제 상태 | G64: - | H64: 1. 결제 상태 드롭다운 메뉴 확인 2. 드롭 다운 메뉴 선택 | I64: 1. 결제 상태 드롭 다운 메뉴 제공됨 - Default : 전체 - 항목 : 전체 / 결제 완료 / 결제 취소 / 취소 요청 2. 결제 상태 선택 가능함 | J64: 캐디피 결제내역
A65: =COUNTA($I$3:$I65) -> 63 | B65: 카트내결제 | C65: 캐디피 결제내역 | E65: - | F65: 검색어 | G65: - | H65: 1. 검색어 드롭다운 메뉴 확인 2. 드롭 다운 메뉴 선택 | I65: 1. 검색어 드롭 다운 메뉴 제공됨 - Default : 캐디명 - 항목 : 승인번호 / 라운드번호 / 캐디명 2. 검색어 드롭다운 메뉴 선택 가능함 | J65: 캐디피 결제내역
A66: =COUNTA($I$3:$I66) -> 64 | B66: 카트내결제 | C66: 캐디피 결제내역 | E66: - | F66: 검색_검색어 입력 | G66: 1. 드롭다운 : 승인번호 | H66: 1. 유효한 검색어 입력 2. [검색] 버튼 선택 | I66: 1. 입력된 검색어로 매칭되는 리스트 제공됨 * like 검색 가능 | J66: 캐디피 결제내역
A67: =COUNTA($I$3:$I67) -> 65 | B67: 카트내결제 | C67: 캐디피 결제내역 | E67: - | G67: 1. 드롭다운 : 라운드 번호 | H67: 1. 유효한 검색어 입력 2. [검색] 버튼 선택 | I67: 1. 입력된 검색어로 매칭되는 리스트 제공됨 * like 검색 가능 | J67: 캐디피 결제내역
A68: =COUNTA($I$3:$I68) -> 66 | B68: 카트내결제 | C68: 캐디피 결제내역 | E68: - | G68: 1. 드롭다운 : 캐디명 | H68: 1. 유효한 검색어 입력 2. [검색] 버튼 선택 | I68: 1. 입력된 검색어로 매칭되는 리스트 제공됨 * like 검색 가능 | J68: 캐디피 결제내역
A69: =COUNTA($I$3:$I69) -> 67 | B69: 카트내결제 | C69: 캐디피 결제내역 | E69: - | F69: 검색_복합 | G69: 1. 조회기간 : 선택 2. 검색구분 : 선택 3. 결제 방법 : 선택 4. 결제 수단 : 선택 5. 결제 상태 : 선택 6. 검색어 : 입력 | H69: 1. [검색] 버튼 선택 | I69: 1. 복합으로 선택된 필터와 검색어로 검색되어 리스트 제공됨 | J69: 캐디피 결제내역
A70: =COUNTA($I$3:$I70) -> 68 | B70: 카트내결제 | C70: 캐디피 결제내역 | E70: - | F70: 초기화 | G70: 1. 모든 필터 선택 상태 2. 검색 전 | H70: 1. [초기화] 버튼 선택 | I70: 1. 모든 상태가 기본 값으로 초기화 됨 | J70: 캐디피 결제내역
A71: =COUNTA($I$3:$I71) -> 69 | B71: 카트내결제 | C71: 캐디피 결제내역 | E71: - | G71: 1. 모든 필터 선택 상태 2. 검색 후 | H71: 1. [초기화] 버튼 선택 | I71: 1. 모든 상태가 기본 값으로 초기화 됨 | J71: 캐디피 결제내역
A72: =COUNTA($I$3:$I72) -> 70 | B72: 카트내결제 | C72: 캐디피 결제내역 | D72: 결제내역 다운 영역 | E72: - | F72: 결제내역 다운 | G72: 1. 리스트 : X | H72: 1. [결제 내역 다운] 버튼 선택 2. 파일 확인 | I72: 1. 정상적으로 엑셀 다운로드 됨 2. 파일 확인 시 동일한 컬럼 값으로 제공됨 | J72: 캐디피 결제내역
A73: =COUNTA($I$3:$I73) -> 71 | B73: 카트내결제 | C73: 캐디피 결제내역 | E73: - | G73: 1. 리스트 : O | H73: 1. [결제 내역 다운] 버튼 선택 2. 파일 확인 | I73: 1. 정상적으로 엑셀 다운로드 됨 2. 파일 확인 시 동일한 컬럼 값으로 제공됨 | J73: 캐디피 결제내역
A74: =COUNTA($I$3:$I74) -> 72 | B74: 카트내결제 | C74: 캐디피 결제내역 | D74: 리스트 영역 | E74: - | F74: 리스트 제공 정보 | G74: 1. 결제내역 : X | H74: 1. 결제내역 리스트 확인 | I74: 1. 상세 내역 리스트가 제공되지 않음 - 문구 : 결제된 건이 없습니다. | J74: 캐디피 결제내역
A75: =COUNTA($I$3:$I75) -> 73 | B75: 카트내결제 | C75: 캐디피 결제내역 | E75: - | G75: 1. 결제내역 : O | H75: 1. 결제내역 리스트 확인 | I75: 1. 상세 내역 리스트가 제공됨 - No / 승인번호 / 티타임 / 라운드 번호 / 캐디명 / 결제 방법 / 결제 수단 / 결제 구분 / 결제 금액 / 결제 상태 / 결제 일시 / 기능 | J75: 캐디피 결제내역
A76: =COUNTA($I$3:$I76) -> 74 | B76: 카트내결제 | C76: 캐디피 결제내역 | E76: - | F76: 정렬 기준 | G76: 1. 결제내역 : O | H76: 1. 상세 내역에서 정렬 확인 | I76: 1. 결제 일시 최신순으로 정렬되며, 넘버는 역순으로 제공됨 | J76: 캐디피 결제내역
A77: =COUNTA($I$3:$I77) -> 75 | B77: 카트내결제 | C77: 캐디피 결제내역 | E77: - | F77: 승인번호 | G77: 1. 결제내역 : O | H77: 1. 승인번호 컬럼 값 확인 | I77: 1. 승인번호가 제공됨 | J77: 캐디피 결제내역
A78: =COUNTA($I$3:$I78) -> 76 | B78: 카트내결제 | C78: 캐디피 결제내역 | E78: - | F78: 티타임 | G78: 1. 결제내역 : O | H78: 1. 티타임 컬럼 값 확인 | I78: 1. 티타임 시간이 제공됨 - 형식 : hh:mm | J78: 캐디피 결제내역
A79: =COUNTA($I$3:$I79) -> 77 | B79: 카트내결제 | C79: 캐디피 결제내역 | E79: - | F79: 라운드 번호 | G79: 1. 결제내역 : O | H79: 1. 라운드 번호 컬럼 값 확인 | I79: 1. 라운드 번호가 4자리로 제공됨 | J79: 캐디피 결제내역
A80: =COUNTA($I$3:$I80) -> 78 | B80: 카트내결제 | C80: 캐디피 결제내역 | E80: - | F80: 캐디명 | G80: 1. 결제내역 : O | H80: 1. 캐디명 컬럼 값 확인 | I80: 1. 캐디 등록시 설정한 캐디명이 제공됨 | J80: 캐디피 결제내역
A81: =COUNTA($I$3:$I81) -> 79 | B81: 카트내결제 | C81: 캐디피 결제내역 | E81: - | F81: 결제 방법 | G81: 1. 결제 방법 : 태블릿 | H81: 1. 결제 방법 컬럼 값 확인 | I81: 1. 결제한 방식이 제공됨 - 결제 방법 : 태블릿 | J81: 캐디피 결제내역
A82: =COUNTA($I$3:$I82) -> 80 | B82: 카트내결제 | C82: 캐디피 결제내역 | E82: - | G82: 1. 결제 방법 : 개인앱 | H82: 1. 결제 방법 컬럼 값 확인 | I82: 1. 결제한 방식이 제공됨 - 결제 방법 : 개인앱 | J82: 캐디피 결제내역
A83: =COUNTA($I$3:$I83) -> 81 | B83: 카트내결제 | C83: 캐디피 결제내역 | E83: - | F83: 결제 수단 | G83: 1. 수단 : 카드 (개인앱 일반결제) | H83: 1. 결제 수단 컬럼 값 확인 | I83: 1. 결제 수단이 제공됨 - 결제 수단 : 카드결제 | J83: 캐디피 결제내역
A84: =COUNTA($I$3:$I84) -> 82 | B84: 카트내결제 | C84: 캐디피 결제내역 | E84: - | G84: 1. 수단 : 현금 | H84: 1. 결제 수단 컬럼 값 확인 | I84: 1. 결제 수단이 제공됨 - 결제 수단 : 현금 | J84: 캐디피 결제내역
A85: =COUNTA($I$3:$I85) -> 83 | B85: 카트내결제 | C85: 캐디피 결제내역 | E85: - | G85: 1. 수단 : 스스페이 | H85: 1. 결제 수단 컬럼 값 확인 | I85: 1. 결제 수단이 제공됨 - 결제 수단 : 페이결제(스스페이) | J85: 캐디피 결제내역
A86: =COUNTA($I$3:$I86) -> 84 | B86: 카트내결제 | C86: 캐디피 결제내역 | E86: - | G86: 1. 수단 : 페이결제 | H86: 1. 결제 수단 컬럼 값 확인 | I86: 1. 결제 수단이 제공됨 - 결제 수단 : 페이결제(ex. 삼성페이) | J86: 캐디피 결제내역
A87: =COUNTA($I$3:$I87) -> 85 | B87: 카트내결제 | C87: 캐디피 결제내역 | E87: - | G87: 1. 수단 : 내통장결제 | H87: 1. 결제 수단 컬럼 값 확인 | I87: 1. 결제 수단이 제공됨 - 결제 수단 : 내통장결제 | J87: 캐디피 결제내역
A88: =COUNTA($I$3:$I88) -> 86 | B88: 카트내결제 | C88: 캐디피 결제내역 | E88: - | F88: 결제 구분 | G88: 1. 캐디피 결제 내역 존재 | H88: 1. 상세 내역 리스트 확인 2. 결제 구분 컬럼 값 확인 | I88: 1. 내역이 리스트로 제공됨 - 결제 구분 : 캐디피 | J88: 캐디피 결제내역
A89: =COUNTA($I$3:$I89) -> 87 | B89: 카트내결제 | C89: 캐디피 결제내역 | E89: - | G89: 1. 감사팁 결제 내역 존재 | H89: 1. 상세 내역 리스트 확인 2. 결제 구분 컬럼 값 확인 | I89: 1. 내역이 리스트로 제공됨 - 결제 구분 : 감사팁 | J89: 캐디피 결제내역
A90: =COUNTA($I$3:$I90) -> 88 | B90: 카트내결제 | C90: 캐디피 결제내역 | E90: - | G90: 1. 캐디피+감사팁 결제 내역 존재 | H90: 1. 상세 내역 리스트 확인 2. 결제 구분 컬럼 값 확인 | I90: 1. 한개의 승인번호로 묶여서 내역이 리스트로 제공됨 - 캐디피 n - 감사팁 n | J90: 캐디피 결제내역
A91: =COUNTA($I$3:$I91) -> 89 | B91: 카트내결제 | C91: 캐디피 결제내역 | E91: - | F91: 결제 금액 | G91: 1. 결제내역 : O | H91: 1. 결제 금액 컬럼 값 확인 | I91: 1. 결제 금액이 제공됨 - 형식 : n,nnn,nnn | J91: 캐디피 결제내역
A92: =COUNTA($I$3:$I92) -> 90 | B92: 카트내결제 | C92: 캐디피 결제내역 | E92: - | F92: 결제 상태 | G92: 1. 결제 상태 : 결제 완료 | H92: 1. 결제 상태 컬럼 값 확인 | I92: 1. 결제 완료 상태로 제공됨 | J92: 캐디피 결제내역
A93: =COUNTA($I$3:$I93) -> 91 | B93: 카트내결제 | C93: 캐디피 결제내역 | E93: - | G93: 1. 결제 상태 : 취소 요청 | H93: 1. 결제 상태 컬럼 값 확인 | I93: 1. 취소 요청 상태로 제공됨 - 빨간 색상으로 문구 노출 | J93: 캐디피 결제내역
A94: =COUNTA($I$3:$I94) -> 92 | B94: 카트내결제 | C94: 캐디피 결제내역 | E94: - | G94: 1. 결제 상태 : 결제 취소 | H94: 1. 결제 상태 컬럼 값 확인 | I94: 1. 결제 취소 상태로 제공됨 | J94: 캐디피 결제내역
A95: =COUNTA($I$3:$I95) -> 93 | B95: 카트내결제 | C95: 캐디피 결제내역 | E95: - | F95: 결제 일시 | G95: 1. 결제내역 : O | H95: 1. 결제 일시 컬럼 값 확인 | I95: 1. 결제 일시가 제공됨 - 형식 : yyyy-mm-dd hh:mm | J95: 캐디피 결제내역
A96: =COUNTA($I$3:$I96) -> 94 | B96: 카트내결제 | C96: 캐디피 결제내역 | D96: 리스트 영역 | E96: (캐디피 결제취소) | F96: 캐디피_결제취소_가능 | G96: 1. 결제 상태 : 결제 완료 2. 결제 수단 : 현금 외 3. 결제 구분 : 캐디피 4. 결제 일시 : 3일 내 | H96: 1. [결제취소] 버튼 확인 2. [결제취소] 버튼 선택 | I96: 1. [결제취소] 버튼 활성화로 제공됨 2. 결제 취소 팝업 제공됨 - 타이틀 : 결제 취소 - 캐디명 : $캐디명$ - 결제 일시 : yyyy-mm-dd hh:mm - 승인번호 : $승인번호$ - 티타임 / 라운드번호 / 결제 방법 / 결제 수단 / 결제 금액 - [닫기] / [결제 취소] 버튼 | J96: 캐디피 결제내역
A97: =COUNTA($I$3:$I97) -> 95 | B97: 카트내결제 | C97: 캐디피 결제내역 | H97: 1. [결제취소] 버튼 선택 2. 팝업 내 [닫기] 버튼 선택 | I97: 1. 결제 취소 팝업 닫힘 | J97: 캐디피 결제내역
A98: =COUNTA($I$3:$I98) -> 96 | B98: 카트내결제 | C98: 캐디피 결제내역 | H98: 1. [결제취소] 버튼 선택 2. 팝업 내 [결제취소] 버튼 선택 | I98: 1. 결제 취소 확인 팝업 제공됨 - 문구 : 결제 취소하시겠습니까? \n 취소된 건은 복원할 수 없습니다. - [취소] / [확인] 버튼 | J98: 캐디피 결제내역
A99: =COUNTA($I$3:$I99) -> 97 | B99: 카트내결제 | C99: 캐디피 결제내역 | H99: 1. [결제취소] 버튼 선택 2. 팝업 내 [결제취소] 버튼 선택 3. 확인 팝업 내 [취소] 버튼 선택 | I99: 1. 결제 취소 확인 팝업 닫힘 | J99: 캐디피 결제내역
A100: =COUNTA($I$3:$I100) -> 98 | B100: 카트내결제 | C100: 캐디피 결제내역 | H100: 1. [결제취소] 버튼 선택 2. 팝업 내 [결제취소] 버튼 선택 3. 확인 팝업 내 [확인] 버튼 선택 | I100: 1. 취소 완료되며 토스트 문구 3초간 제공됨 - 문구 : 결제 취소가 완료되었습니다. 2. 결제 상태 값 변경 됨 - 결제 완료 > 결제 취소 | J100: 캐디피 결제내역
...

Sheet 배토 관리
A1: No. | C1: 화면 | F1: 기능 | G1: 사전 조건 | H1: 절차 | I1: 예상결과 | J1: 기획서 | K1: QA 확인 결과 | L1: JIRA | M1: 비고 | N1: 담당자
B2: 0 dapth | C2: 1 depth | D2: 2 depth | E2: 3 depth
A3: =COUNTA($I$3:$I3) -> 1 | B3: 배토 관리 | C3: 배토 기록 조회 | D3: - | E3: - | F3: 제공 정보 | H3: 1. 배토 관리 2. 배토 기록 조회 선택 후 확인 | I3: 1. 배토 기록 조회 페이지 제공 - 설명 영역 - 검색조건 영역 - 검색기능 영역 - 기록조회 테이블 | J3: 배토기록조회 | K3: PASS
A4: =COUNTA($I$3:$I4) -> 2 | C4: 배토 기록 조회 | D4: 설명 영역 | E4: - | F4: 타이틀 | H4: 1. 타이틀 확인 | I4: 1. 타이틀 제공 - 타이틀 : 배토 기록 조회 | J4: 배토기록조회_1 | K4: PASS
A5: =COUNTA($I$3:$I5) -> 3 | C5: 배토 기록 조회 | D5: 설명 영역 | E5: - | F5: 안내 문구 | H5: 1. 안내 문구 확인 | I5: 1. 안내 문구 제공 - 문구 : 캐디들이 태블릿 앱으로 배토모드를 통해 입력한 배토기록을 조회할 수 있습니다. | J5: 배토기록조회_1 | K5: PASS
A6: =COUNTA($I$3:$I6) -> 4 | C6: 배토 기록 조회 | D6: 검색조건 영역 | E6: - | F6: 제공 정보 | H6: 1. 검색조건 영역 확인 | I6: 1. 검색조건 영역 제공 - 조회기간 - [초기화] | [적용] 버튼 | J6: 배토기록조회_2 | K6: PASS
A7: =COUNTA($I$3:$I7) -> 5 | C7: 배토 기록 조회 | D7: 검색조건 영역 | E7: - | F7: 조회기간 | H7: 1. 조회 기간 확인 | I7: 1. 조회 기간 제공 - 기본값 : 30일 전 ~ 현재일 | J7: 배토기록조회_2-1 | K7: PASS
A8: =COUNTA($I$3:$I8) -> 6 | C8: 배토 기록 조회 | D8: 검색조건 영역 | E8: - | H8: 1. 조회 기간 1년 초과로 변경 후 확인 | I8: 1. 토스트 팝업 발생 됨 - 문구 : 1년 이상의 기간은 검색되지 않습니다. 2. 조회 기간은 최대 365일까지만 제한 됨 | J8: 배토기록조회_2-1 | K8: PASS
A9: =COUNTA($I$3:$I9) -> 7 | C9: 배토 기록 조회 | D9: 검색조건 영역 | E9: - | F9: 초기화 | G9: 1. 검색 조건 변경한 상태 | H9: 1. [초기화] 버튼 선택 | I9: 1. 검색 조건 기본 값으로 변경 됨 | J9: 배토기록조회_2-1 | K9: PASS
A10: =COUNTA($I$3:$I10) -> 8 | C10: 배토 기록 조회 | D10: 검색조건 영역 | E10: - | F10: 적용 | H10: 1. [초기화] 버튼 선택 2. [적용] 버튼 선택 | I10: 1. 배토 기록 조회 테이블 기본값으로 제공 됨 | J10: - | K10: PASS
A11: =COUNTA($I$3:$I11) -> 9 | C11: 배토 기록 조회 | D11: 검색조건 영역 | E11: - | G11: 1. 검색 조건 변경한 상태 | H11: 1. [적용] 버튼 선택 | I11: 1. 배토 기록 조회 테이블에 제공 됨 | J11: 배토기록조회_2-1 | K11: PASS
A12: =COUNTA($I$3:$I12) -> 10 | C12: 배토 기록 조회 | D12: 검색기능 영역 | E12: - | F12: 제공 정보 | H12: 1. 검색 기능 영역 확인 | I12: 1. 검색 기능 영역 제공 - 작업자 선택 [캐디선택] 드롭다운 | J12: 배토기록조회_3
A13: =COUNTA($I$3:$I13) -> 11 | C13: 배토 기록 조회 | D13: 검색기능 영역 | E13: - | F13: 작업자 선택 | G13: 1. 비활성화 상태의 캐디 있음 | H13: 1. 작업자 선택 확인 및 선택 2. 옵션 확인 | I13: 1. 작업자 선택 기본값 : "전체" 로 제공 2. 등록된 캐디 옵션으로 제공 됨 3. 옵션에 활성화된 캐디만 제공 됨 4. 비활성화 캐디 비제공 됨 | J13: 배토기록조회_3 | K13: PASS
A14: =COUNTA($I$3:$I14) -> 12 | C14: 배토 기록 조회 | D14: 검색기능 영역 | E14: - | G14: 1. 활성화된 캐디 있음 | H14: 1. 작업자 선택 2. 옵션에서 캐디 선택 | I14: 1. 선택된 캐디명 제공 2. 배토 기록 조회 테이블에 반영되어 적용 | J14: 배토기록조회_3 | K14: PASS
A15: =COUNTA($I$3:$I15) -> 13 | C15: 배토 기록 조회 | D15: 기록조회 테이블 영역 | E15: - | F15: 제공정보 | H15: 1. 배토기록조회 테이블 확인 | I15: 1. 배토기록조회 테이블 제공 - 총 n건 - No. - 캐디 - 시작시간 - 종료시간 - 작업 경로 * No. 컬럼: 내림차순 번호 부여 | J15: 배토기록조회_4 | K15: PASS
A16: =COUNTA($I$3:$I16) -> 14 | C16: 배토 기록 조회 | D16: 기록조회 테이블 영역 | E16: - | F16: no result | H16: 1. 배토기록조회 테이블 확인 | I16: 1. 안내 문구 제공 - 문구 : 배토 기록이 없습니다. | J16: - | K16: PASS
A17: =COUNTA($I$3:$I17) -> 15 | C17: 배토 기록 조회 | D17: 기록조회 테이블 영역 | E17: - | F17: 총 건수 | H17: 1. 총 건수 확인 | I17: 1. 총 건수 제공 - 총 n건 | J17: - | K17: PASS
A18: =COUNTA($I$3:$I18) -> 16 | C18: 배토 기록 조회 | D18: 기록조회 테이블 영역 | E18: - | F18: 정렬 | H18: 1. 테이블 정렬 확인 | I18: 1. 시작시간 내림차순으로 조회되어 제공 | J18: 배토기록조회_4 | K18: PASS
A19: =COUNTA($I$3:$I19) -> 17 | C19: 배토 기록 조회 | D19: 기록조회 테이블 영역 | E19: - | F19: 보기 | H19: 1. 작업 경로 컬럼 > [보기] 선택 | I19: 1. '작업경로 보기' 팝업 발생 됨 | J19: 배토기록조회_4 | K19: PASS
A20: =COUNTA($I$3:$I20) -> 18 | C20: 배토 기록 조회 | D20: 기록조회 테이블 영역 | E20: 작업경로 보기 팝업 | F20: 제공 정보 | H20: 1. 작업경로 보기 팝업 확인 | I20: 1. 작업경로 보기 팝업 제공 - 타이틀 | 작업자 : $캐디명$ | [닫기] - 좌측 작업 정보 - 우측 코스 맵 | J20: 배토기록조회_4
A21: =COUNTA($I$3:$I21) -> 19 | C21: 배토 기록 조회 | D21: 기록조회 테이블 영역 | E21: 작업경로 보기 팝업 | F21: 닫기 | H21: 1. [닫기] 버튼 선택 | I21: 1. 작업경로 보기 팝업 닫힘 | J21: - | K21: PASS
A22: =COUNTA($I$3:$I22) -> 20 | C22: 배토 기록 조회 | D22: 기록조회 테이블 영역 | E22: 작업경로 보기 팝업 | F22: 타이틀 | H22: 1. 타이틀 확인 | I22: 1. 타이틀 확인 - 타이틀 : 작업경로 보기 | J22: - | K22: PASS
A23: =COUNTA($I$3:$I23) -> 21 | C23: 배토 기록 조회 | D23: 기록조회 테이블 영역 | E23: 작업경로 보기 팝업 | F23: 작업 정보 | H23: 1. 좌측 작업 정보 확인 | I23: 1. '작업자 명' 레이블 하단: $캐디명$ 2. '작업시간' 레이블 하단: HH:MM:SS 3. '이동거리' 레이블 하단: km 단위 4. '상태' 레이블 하단: $작업 상태$ | J23: -
A24: =COUNTA($I$3:$I24) -> 22 | C24: 배토 기록 조회 | D24: 기록조회 테이블 영역 | E24: 작업경로 보기 팝업 | F24: 작업 정보_상태 | H24: 1. 좌측 작업 정보 > 상태 확인 | I24: 1. 상태 제공 ?? | J24: -
A25: =COUNTA($I$3:$I25) -> 23 | C25: 배토 기록 조회 | D25: 기록조회 테이블 영역 | E25: 작업경로 보기 팝업 | F25: 코스 맵 | H25: 1. 우측 코스 맵 확인 | I25: 1. 골프 코스 맵 이미지 정상 제공 2. 코스명 레이블 노출 - e. g. WEST 코스, EAST 코스 3. 작업 경로 코스맵 위에 오버레이 노출 | J25: -
A26: =COUNTA($I$3:$I26) -> 24 | C26: 배토 기록 조회 | D26: 기록조회 테이블 영역 | E26: - | F26: 페이지 네이션 | G26: 1. 테이블 리스트 10건 초과 | H26: 1. 페이지네이션 확인 | I26: 1. 페이지네이션 처리되어 리스트 제공 됨 - 리스트 20개까지 노출 - [이전][1][2][다음] | J26: - | K26: PASS
A27: =COUNTA($I$3:$I27) -> 25 | C27: 배토 기록 조회 | D27: 기록조회 테이블 영역 | E27: - | H27: 1. 페이지 번호 선택 | I27: 1. 페이지 이동되어 리스트 노출 됨 | J27: - | K27: PASS
A28: =COUNTA($I$3:$I28) -> 26 | C28: 배토 통계 | D28: - | E28: - | F28: 제공 정보 | H28: 1. 배토 관리 2. 배토 통계 선택 후 확인 | I28: 1. 배토 통계 페이지 제공 - 설명 영역 - 검색조건 영역 - 카드 요약 영역 - 작업자 통계 그래프 - 작어자 통계 표 | J28: 배토 통계
A29: =COUNTA($I$3:$I29) -> 27 | C29: 배토 통계 | D29: 설명 영역 | E29: - | F29: 타이틀 | H29: 1. 타이틀 확인 | I29: 1. 타이틀 제공 - 타이틀 : 배토 통계 | J29: 배토 통계_1
A30: =COUNTA($I$3:$I30) -> 28 | C30: 배토 통계 | D30: 설명 영역 | E30: - | F30: 안내 문구 | H30: 1. 안내 문구 확인 | I30: 1. 안내 문구 제공 - 문구 : 배토 작업자 수, 작업 시간과 관련된 통계를 확인할 수 있습니다. 일별 또는 월별 기준으로 표와 그래프를 함께 확인할 수 있으며, 엑셀 변환도 가능합니다. | J30: 배토 통계_1
A31: =COUNTA($I$3:$I31) -> 29 | C31: 배토 통계 | D31: 검색 조건 영역 | E31: - | F31: 제공 정보 | H31: 1. 검색조건 영역 확인 | I31: 1. 검색조건 영역 제공 - 조회기간 - 필터 버튼 - [초기화] | [적용] 버튼 | J31: 배토 통계_2
A32: =COUNTA($I$3:$I32) -> 30 | C32: 배토 통계 | D32: 검색 조건 영역 | E32: - | F32: 조회 기간 | H32: 1. 조회 기간 확인 | I32: 1. 조회 기간 제공 - 기본값 : 전월 1일 ~ 전월 말일 | J32: 배토 통계_2-1
A33: =COUNTA($I$3:$I33) -> 31 | C33: 배토 통계 | D33: 검색 조건 영역 | E33: - | H33: 1. 조회 기간 1년 초과로 변경 후 확인 | I33: 1. 오류 팝업 발생 됨?? 2. 조회 기간은 최대 ? | J33: -
A34: =COUNTA($I$3:$I34) -> 32 | C34: 배토 통계 | D34: 검색 조건 영역 | E34: - | F34: 필터 버튼 | H34: 1. 필터 버튼 확인 | I34: 1. 필터 버튼 제공 - [작업자] (기본값) | [작업시간] - [일별] (기본값) | [월별] | J34: 배토 통계_2-1
A35: =COUNTA($I$3:$I35) -> 33 | C35: 배토 통계 | D35: 검색 조건 영역 | E35: - | H35: 1. 버튼 선택 | I35: 1. 선택 버튼 눌림처리되어 제공 됨 | J35: -
A36: =COUNTA($I$3:$I36) -> 34 | C36: 배토 통계 | D36: 검색 조건 영역 | E36: - | F36: 초기화 | G36: 1. 검색 조건 변경한 상태 | H36: 1. [초기화] 버튼 선택 | I36: 1. 검색 조건 기본 값으로 변경 됨 | J36: 배토 통계_2-2
A37: =COUNTA($I$3:$I37) -> 35 | C37: 배토 통계 | D37: 검색 조건 영역 | E37: - | F37: 적용 | H37: 1. [초기화] 버튼 선택 2. [적용] 버튼 선택 | I37: 1. 카드요약, 통계그래프, 표에 모두 기본값으로 제공 됨 | J37: -
A38: =COUNTA($I$3:$I38) -> 36 | C38: 배토 통계 | D38: 검색 조건 영역 | E38: - | G38: 1. 검색 조건 변경한 상태 | H38: 1. [적용] 버튼 선택 | I38: 1. 검색 조건에 따른 결과가 카드요약, 통계그래프, 표에 반영되어 제공 | J38: 배토 통계_2-2
A39: =COUNTA($I$3:$I39) -> 37 | C39: 배토 통계 | D39: 카드 요약 영역 | E39: - | F39: 제공 정보 | H39: 1. 카드 요약 영역 확인 | I39: 1. 카드 요약 영역 제공 - 일별 총 작업자 수 - 일별 평균 작업자 수 - 최대 작업자 수 - 최소 작업자 수 | J39: 배토 통계_3
A40: =COUNTA($I$3:$I40) -> 38 | C40: 배토 통계 | D40: 카드 요약 영역 | E40: - | F40: no result | G40: 1. 검색 결과 없음 | H40: 1. 카드 요약 영역 확인 | I40: 1. 각 카드별 작업자 수 '0' 으로 제공 됨 | J40: -
A41: =COUNTA($I$3:$I41) -> 39 | C41: 배토 통계 | D41: 카드 요약 영역 | E41: - | F41: 카드 요약 | G41: 1. 검색조건 - 작업자, 일별 탭 선택 | H41: 1. 카드 요약 확인 | I41: 1. 작업자, 일별 인 경우 카드 정보 제공 * 일별 총 작업자 수 - 조회기간동안의 일별 총 작업자수 합계 - 조회기간 기준 누적 표시 * 일별 평균 작업자 수 - 조회기간 동안의 일별 평균 작업자 수 - 소수점 1자리까지 반올림 * 최대 작업자 수 - 조회 기간 내에 최대 작업자 수 표시 - 최대 작업자 수였던 날짜 표시 * 최소 작업자 수 - 조회 기간 내에 최소 작업자 수 표시 - 최소 작업자 수였던 날짜 표시 | J41: 배토 통계_3
A42: =COUNTA($I$3:$I42) -> 40 | C42: 배토 통계 | D42: 카드 요약 영역 | E42: - | G42: 1. 검색조건 - 작업자, 월별 탭 선택 | H42: 1. 카드 요약 확인 | I42: 1. 작업자, 월별 인 경우 카드 정보 제공 | J42: 배토 통계_3
A43: =COUNTA($I$3:$I43) -> 41 | C43: 배토 통계 | D43: 카드 요약 영역 | E43: - | G43: 1. 검색조건 - 작업시간, 일별 탭 선택 | H43: 1. 카드 요약 확인 | I43: 1. 작업시간, 일별 인 경우 카드 정보 제공 | J43: 배토 통계_3
A44: =COUNTA($I$3:$I44) -> 42 | C44: 배토 통계 | D44: 카드 요약 영역 | E44: - | G44: 1. 검색조건 - 작업시간, 월별 탭 선택 | H44: 1. 카드 요약 확인 | I44: 1. 작업시간, 월별 인 경우 카드 정보 제공 | J44: 배토 통계_3
A45: =COUNTA($I$3:$I45) -> 43 | C45: 배토 통계 | D45: 작업자 통계 그래프 영역 | E45: - | F45: 제공 정보 | H45: 1. 작업자 통계 그래프 영역 확인 | I45: 1. 작업자 통계 그래프 영역 제공 - 타이틀: 작업자 통계 그래프 - 안내 문구 : $일/월$별 기준 작업자 수 추이입니다. - 우측 상단 레이블 제공 - 그래프 제공 | J45: 배토 통계_4
A46: =COUNTA($I$3:$I46) -> 44 | C46: 배토 통계 | D46: 작업자 통계 그래프 영역 | E46: - | F46: no result | G46: 1. 검색 결과 없음 | H46: 1. 작업자 통계 그래프 영역 확인 | I46: 1. 안내 문구 제공 됨 - 문구 : 통계 데이터가 없습니다. | J46: -
A47: =COUNTA($I$3:$I47) -> 45 | C47: 배토 통계 | D47: 작업자 통계 그래프 영역 | E47: - | F47: 통계 그래프 | G47: 1. 검색조건 - 작업자, 일별 탭 선택 | H47: 1. 우측 상단 레이블 확인 2. 그래프 영역 > 정보 확인 | I47: 1. 우측 상단 레이블 제공 - 기준 : 일별 - 항목 : 작업자 수 2. 작업자, 일별 인 경우 그래프 제공 | J47: 배토 통계_4
A48: =COUNTA($I$3:$I48) -> 46 | C48: 배토 통계 | D48: 작업자 통계 그래프 영역 | E48: - | G48: 1. 검색조건 - 작업자, 월별 탭 선택 | H48: 1. 우측 상단 레이블 확인 2. 그래프 영역 > 정보 확인 | I48: 1. 우측 상단 레이블 제공 - 기준 : 월별 - 항목 : 작업자 수 2. 작업자, 월별 인 경우 그래프 제공 | J48: 배토 통계_4
A49: =COUNTA($I$3:$I49) -> 47 | C49: 배토 통계 | D49: 작업자 통계 그래프 영역 | E49: - | G49: 1. 검색조건 - 작업시간, 일별 탭 선택 | H49: 1. 우측 상단 레이블 확인 2. 그래프 영역 > 정보 확인 | I49: 1. 우측 상단 레이블 제공 - 기준 : 일별 - 항목 : 작업시간 2. 작업자, 일별 인 경우 그래프 제공 | J49: 배토 통계_4
A50: =COUNTA($I$3:$I50) -> 48 | C50: 배토 통계 | D50: 작업자 통계 그래프 영역 | E50: - | G50: 1. 검색조건 - 작업시간, 월별 탭 선택 | H50: 1. 우측 상단 레이블 확인 2. 그래프 영역 > 정보 확인 | I50: 1. 우측 상단 레이블 제공 - 기준 : 월별 - 항목 : 작업시간 2. 작업자, 월별 인 경우 그래프 제공 | J50: 배토 통계_4
A51: =COUNTA($I$3:$I51) -> 49 | C51: 배토 통계 | D51: 작업자 통계 표 영역 | E51: - | F51: 제공 정보 | H51: 1. 작업자 통계 표 영역 확인 | I51: 1. 작업자 통계 표 영역 제공 - 타이틀 : 작업자 통계 표 - 안내 문구 : $일/월$별 기준 상세 데이터입니다. - [내보내기] 버튼 - 표 제공 | J51: 배토 통계_5
A52: =COUNTA($I$3:$I52) -> 50 | C52: 배토 통계 | D52: 작업자 통계 표 영역 | E52: - | F52: no result | G52: 1. 검색 결과 없음 | H52: 1. 작업자 통계 표 영역 확인 | I52: 1. 안내 문구 제공 됨 - 문구 : 통계 데이터가 없습니다. | J52: -
A53: =COUNTA($I$3:$I53) -> 51 | C53: 배토 통계 | D53: 작업자 통계 표 영역 | E53: - | F53: 내보내기 | G53: 1. 검색 결과 있음 | H53: 1. [내보내기] 버튼 선택 | I53: 1. 현재 통계 표에 조회된 결과 기준 엑셀 파일 다운로드 됨 | J53: -
A54: =COUNTA($I$3:$I54) -> 52 | C54: 배토 통계 | D54: 작업자 통계 표 영역 | E54: - | F54: 통계 표 | H54: 1. 통계 표 확인 | I54: 1. 통계 표 제공 - No - 일자 - 작업자 수 - 작업시간 합계 - 평균 작업시간 | J54: 배토 통계_5
A55: =COUNTA($I$3:$I55) -> 53 | C55: 배토 통계 | D55: 작업자 통계 표 영역 | E55: - | G55: 1. 검색조건 - 작업자, 일별 탭 선택 | H55: 1. 통계 정보 확인 | I55: 1. 작업자, 일별 인 경우의 통계 표 제공 2. 작업시간, 평균 작업시간 컬럼 소수점 한 자리까지 반올림하여 제공 | J55: 배토 통계_5
A56: =COUNTA($I$3:$I56) -> 54 | C56: 배토 통계 | D56: 작업자 통계 표 영역 | E56: - | G56: 1. 검색조건 - 작업자, 월별 탭 선택 | H56: 1. 통계 정보 확인 | I56: 1. 작업자, 월별 인 경우의 통계 표 제공 2. 작업시간, 평균 작업시간 컬럼 소수점 한 자리까지 반올림하여 제공 | J56: 배토 통계_5
A57: =COUNTA($I$3:$I57) -> 55 | C57: 배토 통계 | D57: 작업자 통계 표 영역 | E57: - | G57: 1. 검색조건 - 작업시간, 일별 탭 선택 | H57: 1. 통계 정보 확인 | I57: 1. 작업시간, 일별 인 경우의 통계 표 제공 2. 작업시간, 평균 작업시간 컬럼 소수점 한 자리까지 반올림하여 제공 | J57: 배토 통계_5
A58: =COUNTA($I$3:$I58) -> 56 | C58: 배토 통계 | D58: 작업자 통계 표 영역 | E58: - | G58: 1. 검색조건 - 작업시간, 월별 탭 선택 | H58: 1. 통계 정보 확인 | I58: 1. 작업시간, 월별 인 경우의 통계 표 제공 2. 작업시간, 평균 작업시간 컬럼 소수점 한 자리까지 반올림하여 제공 | J58: 배토 통계_5
A59: =COUNTA($I$3:$I59) -> 57 | C59: 배토 통계 | D59: 작업자 통계 표 영역 | E59: - | F59: 업데이트 | H59: 1. 통계표 업데이트 확인 | I59: 1. 실시간 업데이트 되어 제공 | J59: 배토 통계_5

Sheet 식음 관리
A1: No. | C1: 화면 | F1: 기능 | G1: 사전 조건 | H1: 절차 | I1: 예상결과 | J1: 기획서 | K1: QA 확인 결과 | L1: JIRA | M1: 비고 | N1: 담당자
B2: 0 dapth | C2: 1 depth | D2: 2 depth | E2: 3 depth
A3: =COUNTA($I$3:$I3) -> 1 | B3: 식음 관리 | C3: 버전 업데이트 | D3: - | E3: - | F3: 제공 정보 | H3: 1. 식음 관리 2. 버전 업데이트 선택 후 확인 | I3: 1. 버전 업데이트 페이지 제공 - 설명 영역 - F&B 데이트 연동 - POS 연동 | J3: 버전 업데이트 | K3: PASS
A4: =COUNTA($I$3:$I4) -> 2 | C4: 버전 업데이트 | D4: 설명 영역 | E4: - | F4: 타이틀 | H4: 1. 타이틀 확인 | I4: 1. 타이틀 제공 - 타이틀 : 버전 업데이트 | J4: 버전 업데이트 | K4: PASS
A5: =COUNTA($I$3:$I5) -> 3 | C5: 버전 업데이트 | D5: 설명 영역 | E5: - | F5: 안내 문구 | H5: 1. 안내 문구 확인 | I5: 1. 안내 문구 제공 - 문구 : 식음관리(F&B) 변경사항과 POS 연동 정보를 태블릿에 반영할 수 있습니다. | J5: 버전 업데이트 | K5: PASS
A6: =COUNTA($I$3:$I6) -> 4 | C6: 버전 업데이트 | D6: F&B 데이터 연동 영역 | E6: - | F6: 제공 정보 | H6: 1. F&B 데이트 연동 영역 확인 | I6: 1. F&B 데이트 연동 영역 제공 - 타이틀 : 식음관리(F&B) 데이터 연동 - 서브타이틀 : 식당 관리, 상품 등록/관리 등 식음관리 화면에서 변경한 정보를 태블릿 메뉴에 반영합니다. - 안내 박스 - 현재버전 - [F&B 데이터 동기화] 버튼 | J6: 버전 업데이트 | K6: PASS
A7: =COUNTA($I$3:$I7) -> 5 | C7: 버전 업데이트 | D7: F&B 데이터 연동 영역 | E7: - | F7: 안내 박스 | H7: 1. 안내 박스 확인 | I7: 1. 안내 박스 영역 문구 제공 - 1. 식당 정보, 메뉴 구성, 상품 기본 정보 변경사항을 반영합니다. - 2. 태블릿에서 노출되는 식음 메뉴 구성을 최신 상태로 맞춥니다. | J7: 버전 업데이트 | K7: PASS
A8: =COUNTA($I$3:$I8) -> 6 | C8: 버전 업데이트 | D8: F&B 데이터 연동 영역 | E8: - | F8: 현재버전 | H8: 1. 현재버전 확인 | I8: 1. 현재 반영된 버전 제공 - 현재버전 : $nnn$▲1 | J8: 버전 업데이트
A9: =COUNTA($I$3:$I9) -> 7 | C9: 버전 업데이트 | D9: F&B 데이터 연동 영역 | E9: - | F9: F&B 데이터 동기화 | G9: 1. 식당관리, 상품등록 관리에서 메뉴 업데이트한 상태 | H9: 1. [F&B 데이터 동기화] 버튼 선택 | I9: 1. 데이터 동기화 되어 제공 * 태블릿 F&B 에서 확인 가능 | J9: 버전 업데이트
A10: =COUNTA($I$3:$I10) -> 8 | C10: 버전 업데이트 | D10: POS 연동 영역 | E10: - | F10: 제공 정보 | H10: 1. POS 연동 영역 확인 | I10: 1. POS 연동 영역 제공 - 타이틀 : POS 메뉴 동기화 - 서브타이틀 : 스마트스코어 ERP에서 관제어드민의 품목을 연동한 내용을 업데이트합니다. - 안내 박스 - [POS 메뉴 동기화] 버튼 | J10: 버전 업데이트 | K10: PASS
A11: =COUNTA($I$3:$I11) -> 9 | C11: 버전 업데이트 | D11: POS 연동 영역 | E11: - | F11: 안내 박스 | H11: 1. 안내 박스 확인 | I11: 1. 안내 박스 영역 문구 제공 - 1. ERP 품목과 관제어드민 품목 간 연동 변경사항을 다시 불러옵니다. - 2. ERP 연동 변경사항이 있는 경우 실행합니다. | J11: 버전 업데이트 | K11: PASS
A12: =COUNTA($I$3:$I12) -> 10 | C12: 버전 업데이트 | D12: POS 연동 영역 | E12: - | F12: POS 메뉴 동기화 | G12: 1. ERP 에서 메뉴 업데이트한 상태 | H12: 1. [POS 메뉴 동기화] 버튼 선택 | I12: 1. 데이터 동기화 되어 제공 * 태블릿 F&B(TOS) 에서 확인 가능 | J12: 버전 업데이트
A13: =COUNTA($I$3:$I13) -> 11 | C13: 그늘집 및 TOS 관리 | D13: - | E13: - | F13: 제공 정보 | H13: 1. 식음 관리 2. 그늘집 및 TOS 관리 선택 후 확인 | I13: 1. 그늘집 및 TOS 관리 페이지 확인 - 설명 영역 - 코스별 기본 그늘집 설정 - TOS 테이블 종료 시간 설정 | J13: 그늘집 및 TOS 관리 | K13: PASS
A14: =COUNTA($I$3:$I14) -> 12 | C14: 그늘집 및 TOS 관리 | D14: 설명 영역 | E14: - | F14: 타이틀 | H14: 1. 타이틀 확인 | I14: 1. 타이틀 제공 - 타이틀 : 그늘집 및 TOS 관리 | J14: 그늘집 및 TOS 관리 | K14: PASS
A15: =COUNTA($I$3:$I15) -> 13 | C15: 그늘집 및 TOS 관리 | D15: 설명 영역 | E15: - | F15: 안내 문구 | H15: 1. 안내 문구 확인 | I15: 1. 안내 문구 제공 - 문구 : 코스별로 기본 그늘집을 설정해주세요. 태블릿에서 음식 주문 시, 설정된 그늘집이 먼저 보여집니다. | J15: 그늘집 및 TOS 관리
A16: =COUNTA($I$3:$I16) -> 14 | C16: 그늘집 및 TOS 관리 | D16: 코스별 기본 그늘집 설정 | E16: - | F16: 제공 정보 | H16: 1. 코스별 기본 그늘집 설정 확인 | I16: 1. 코스별 기본 그늘집 설정 제공 - $코스$ | [셀렉트박스] 2. 셀렉트 박스 기본값 : 선택안함 | J16: 그늘집 및 TOS 관리
A17: =COUNTA($I$3:$I17) -> 15 | C17: 그늘집 및 TOS 관리 | D17: 코스별 기본 그늘집 설정 | E17: - | F17: 셀렉트 박스 | G17: 1. 식당관리 > 식당 추가 상태 | H17: 1. 셀렉트 박스 선택 2. 옵션 선택 | I17: 1. 추가된 식당명 옵션으로 제공 2. 선택한 옵션으로 제공 | J17: 그늘집 및 TOS 관리
A18: =COUNTA($I$3:$I18) -> 16 | C18: 그늘집 및 TOS 관리 | D18: TOS 테이블 종료 시간 설정 | E18: - | F18: 제공 정보 | H18: 1. TOS 테이블 종료 시간 설정 확인 | I18: 1. TOS 테이블 종료 시간 설정 제공 - 안내 문구 - $식당명$ | [셀렉트박스] | J18: 그늘집 및 TOS 관리 | K18: PASS
A19: =COUNTA($I$3:$I19) -> 17 | C19: 그늘집 및 TOS 관리 | D19: TOS 테이블 종료 시간 설정 | E19: - | F19: 안내문구 | H19: 1. 안내 문구 확인 | I19: 1. 안내 문구 제공 - 문구 : 주문 후 (설정 한 시간) 이 지나면 테이블을 자동 종료합니다. (설정 한 시간) 이후 주문 시 라운드 정보를 다시 선택합니다. | J19: 그늘집 및 TOS 관리 | K19: PASS
A20: =COUNTA($I$3:$I20) -> 18 | C20: 그늘집 및 TOS 관리 | D20: TOS 테이블 종료 시간 설정 | E20: - | F20: 셀렉트 박스 | H20: 1. 셀렉트 박스 선택 2. 옵션 선택 | I20: 1. 기본값 : 선택안함 으로 제공 2. 10 분 단위로 옵션 제공 3. 선택한 옵션으로 제공 | J20: 그늘집 및 TOS 관리 | K20: PASS
A21: =COUNTA($I$3:$I21) -> 19 | C21: 식당 관리 | D21: - | E21: - | F21: 제공 정보 | H21: 1. 식음 관리 2. 식당 관리 선택 후 확인 | I21: 1. 식당 관리 페이지 제공 - 설명 영역 - 좌측 식당 리스트 - 우측 메뉴 리스트 | J21: 식당 관리 | K21: PASS
A22: =COUNTA($I$3:$I22) -> 20 | C22: 식당 관리 | D22: 설명 영역 | E22: - | F22: 타이틀 | H22: 1. 타이틀 확인 | I22: 1. 타이틀 제공 - 타이틀 : 식당 관리 | J22: 식당 관리 | K22: PASS
A23: =COUNTA($I$3:$I23) -> 21 | C23: 식당 관리 | D23: 설명 영역 | E23: - | F23: 안내 문구 | H23: 1. 안내 문구 확인 | I23: 1. 안내 문구 제공 - 문구 : 운영 중인 식당을 생성 및 관리할 수 있습니다. 식당을 선택하여 판매할 메뉴를 관리할 수 있습니다. | J23: 식당 관리 | K23: PASS
A24: =COUNTA($I$3:$I24) -> 22 | C24: 식당 관리 | D24: 식당 리스트 영역 | E24: - | F24: 제공 정보 | H24: 1. 좌측 식당 리스트 영역 확인 | I24: 1. 식당 리스트 제공 - [+식당 추가] - 아이콘 설명 - 리스트 | J24: 식당 관리 | K24: PASS
A25: =COUNTA($I$3:$I25) -> 23 | C25: 식당 관리 | D25: 식당 리스트 영역 | E25: - | F25: 식당 추가 | H25: 1. [식당 추가+] 버튼 선택 | I25: 1. 식당 추가 팝업 발생 됨 | J25: 식당 관리 | K25: PASS
A26: =COUNTA($I$3:$I26) -> 24 | C26: 식당 관리 | D26: 식당 리스트 영역 | E26: 식당 추가 팝업 | F26: 제공 정보 | G26: 1. 식당 타입 미선택 상태 | H26: 1. 식당 추가 팝업 확인 | I26: 1. 식당 추가 팝업 제공 - 타이틀: 식당 추가 - 식당명 * (필수) - 식당타입 * - 하단 버튼: [취소] [등록] 2. 식당타입 항목 아래로 Dim처리로 제공 - 문구 : 테이블오더(TOS) 타입의 경우 입력 할 수 있습니다. | J26: 식당 관리
A27: =COUNTA($I$3:$I27) -> 25 | C27: 식당 관리 | D27: 식당 리스트 영역 | E27: 식당 추가 팝업 | F27: 식당명 | G27: 1. 한/영, 숫자, 특수문자, 공백 | H27: 1. 식당명 확인 및 입력 | I27: 1. 식당명 필수값으로 제공 2. placeholder : 식당명을 입력하세요. 3. 텍스트 입력하면 플레이스홀더 제거 됨 4. 입력된 내용으로 노출 됨 * 기존에 공백으로도 저장 됨.. | J27: 식당 관리
A28: =COUNTA($I$3:$I28) -> 26 | C28: 식당 관리 | D28: 식당 리스트 영역 | E28: 식당 추가 팝업 | F28: 식당타입 | H28: 1. 식당타입 확인 및 선택 | I28: 1. 식당타입 필수값으로 제공 2. 옵션 제공 됨 - 체크박스: 테이블오더 / 그늘집 3. 다중 선택 제공 | J28: 식당 관리
A29: =COUNTA($I$3:$I29) -> 27 | C29: 식당 관리 | D29: 식당 리스트 영역 | E29: 식당 추가 팝업 | H29: 1. 식당타입 다중 선택 | I29: 1. 아래 항목 모두 활성화되어 제공 | J29: -
A30: =COUNTA($I$3:$I30) -> 28 | C30: 식당 관리 | D30: 식당 리스트 영역 | E30: 식당 추가 팝업 | F30: 운영시간 | G30: 1. 식당타입 : 그늘집 선택 | H30: 1. 운영시간 확인 및 선택 | I30: 1. 운영시간 필수값으로 제공 - 옵션 : 항상(기본값), 시간설정 - 라디오 버튼으로 제공 2. 테이블 번호 영역: 비활성 - 그늘집 단독 선택 시 테이블오더 미선택 | J30: -
A31: =COUNTA($I$3:$I31) -> 29 | C31: 식당 관리 | D31: 식당 리스트 영역 | E31: 식당 추가 팝업 | H31: 1. 운영시간 > 시간설정 선택 | I31: 1. 안내 문구 제공 - 문구 : ※ 설정된 시간에만 캐디앱에 노출됩니다. 2. 운영시간 입력 필드 노출 됨 - 오전 | 오후 | J31: -
